id:ID(Forum)|title|creationDate|:LABEL
274877906944|Wall of Jose Alonso|1284620050602|Forum
343597383681|Album 0 of Jose Alonso|1289431113300|Forum
343597383682|Album 1 of Jose Alonso|1290664722756|Forum
343597383683|Album 2 of Jose Alonso|1289572587636|Forum
137438953477|Wall of Chong Zhang|1276431282690|Forum
206158430214|Wall of Cam Loan|1279541170679|Forum
68719476743|Wall of David Alonso|1269456942806|Forum
206158430216|Album 0 of David Alonso|1281920249301|Forum
68719476745|Album 1 of David Alonso|1271156200192|Forum
137438953482|Album 2 of David Alonso|1272744086462|Forum
137438953483|Album 3 of David Alonso|1276887924237|Forum
68719476748|Album 4 of David Alonso|1271746850392|Forum
206158430221|Album 5 of David Alonso|1280366333675|Forum
274877906958|Album 6 of David Alonso|1285916014805|Forum
274877906959|Album 7 of David Alonso|1287222865127|Forum
206158430224|Album 8 of David Alonso|1279133422641|Forum
68719476753|Wall of Alexei Feltsman|1267804279862|Forum
274877906962|Album 0 of Alexei Feltsman|1284398509299|Forum
343597383699|Album 1 of Alexei Feltsman|1290158075987|Forum
343597383700|Album 2 of Alexei Feltsman|1287637809313|Forum
206158430229|Album 3 of Alexei Feltsman|1280635813620|Forum
206158430232|Album 6 of Alexei Feltsman|1281364978881|Forum
206158430233|Album 7 of Alexei Feltsman|1277726632639|Forum
68719476762|Album 8 of Alexei Feltsman|1271267186433|Forum
137438953499|Album 9 of Alexei Feltsman|1274827610317|Forum
137438953500|Wall of Yahya Ould Ahmed El Abdallahi|1273002875021|Forum
137438953501|Album 0 of Yahya Ould Ahmed El Abdallahi|1276372098981|Forum
274877906974|Album 1 of Yahya Ould Ahmed El Abdallahi|1284182125299|Forum
137438953503|Album 2 of Yahya Ould Ahmed El Abdallahi|1276429088413|Forum
274877906976|Album 3 of Yahya Ould Ahmed El Abdallahi|1286785272036|Forum
206158430241|Album 4 of Yahya Ould Ahmed El Abdallahi|1279767934964|Forum
137438953506|Album 5 of Yahya Ould Ahmed El Abdallahi|1276379504959|Forum
137438953507|Album 6 of Yahya Ould Ahmed El Abdallahi|1274044750010|Forum
343597383716|Album 7 of Yahya Ould Ahmed El Abdallahi|1288381590220|Forum
343597383717|Wall of Anatoly Shevchenko|1288319881905|Forum
343597383720|Wall of Giovanni Bianchi|1288728048487|Forum
41|Wall of Marc Ravalomanana|1263943259124|Forum
343597383722|Album 0 of Marc Ravalomanana|1289979614157|Forum
68719476779|Album 1 of Marc Ravalomanana|1272223537971|Forum
274877906988|Album 2 of Marc Ravalomanana|1284183477114|Forum
274877906989|Album 3 of Marc Ravalomanana|1285705796058|Forum
343597383726|Album 4 of Marc Ravalomanana|1288762938240|Forum
137438953519|Album 5 of Marc Ravalomanana|1273633438029|Forum
206158430256|Album 6 of Marc Ravalomanana|1279769982138|Forum
206158430257|Album 7 of Marc Ravalomanana|1282352926755|Forum
50|Album 8 of Marc Ravalomanana|1265070882721|Forum
274877906995|Album 9 of Marc Ravalomanana|1285476052005|Forum
206158430260|Album 10 of Marc Ravalomanana|1280947195290|Forum
274877906997|Wall of R. Rao|1286292202846|Forum
68719476791|Wall of Alexei Codreanu|1271023176600|Forum
137438953528|Wall of John Khan|1277454230174|Forum
137438953529|Wall of Li Zhang|1276789589628|Forum
59|Wall of Amit Rao|1265387442056|Forum
206158430268|Wall of Abay Ibrahim Kanapyanov|1281141429474|Forum
137438953534|Wall of Otto Muller|1272538042453|Forum
206158430271|Album 0 of Otto Muller|1278803769778|Forum
206158430272|Album 1 of Otto Muller|1281657528467|Forum
137438953537|Album 2 of Otto Muller|1277077309238|Forum
274877907010|Album 3 of Otto Muller|1286825137218|Forum
343597383747|Album 4 of Otto Muller|1289765487400|Forum
206158430276|Album 5 of Otto Muller|1282057913695|Forum
137438953542|Album 7 of Otto Muller|1274701581404|Forum
137438953544|Wall of Gabriela Rodriguez|1275198069791|Forum
343597383753|Album 0 of Gabriela Rodriguez|1287632653668|Forum
137438953546|Album 1 of Gabriela Rodriguez|1275928105852|Forum
274877907020|Album 3 of Gabriela Rodriguez|1282625918398|Forum
274877907022|Album 5 of Gabriela Rodriguez|1284236938182|Forum
274877907023|Album 6 of Gabriela Rodriguez|1287231964175|Forum
137438953552|Wall of Chen Yang|1273620212749|Forum
206158430289|Wall of Aleksandr Akhmadiyeva|1277652108711|Forum
206158430290|Wall of Alexander Eduard|1279713538949|Forum
274877907027|Album 0 of Alexander Eduard|1287501721846|Forum
343597383764|Album 1 of Alexander Eduard|1288624342459|Forum
274877907029|Album 2 of Alexander Eduard|1285030070505|Forum
206158430294|Album 3 of Alexander Eduard|1280729120234|Forum
206158430295|Album 4 of Alexander Eduard|1281142313550|Forum
206158430296|Wall of Anucha Aguilar|1281054483715|Forum
274877907034|Album 1 of Anucha Aguilar|1286440500974|Forum
343597383771|Album 2 of Anucha Aguilar|1288936750351|Forum
93|Wall of Alec Lin|1266511458699|Forum
68719476830|Wall of Abby Hassan|1270355863508|Forum
274877907039|Group for Richard_Wagner in Terengganu|1287021251898|Forum
206158430304|Album 0 of Abby Hassan|1279586961230|Forum
206158430305|Album 1 of Abby Hassan|1277977505729|Forum
137438953570|Album 2 of Abby Hassan|1273342951261|Forum
274877907043|Album 3 of Abby Hassan|1287302728499|Forum
206158430309|Album 5 of Abby Hassan|1279570806729|Forum
68719476838|Album 6 of Abby Hassan|1271435996157|Forum
137438953575|Album 7 of Abby Hassan|1273066355270|Forum
137438953576|Album 8 of Abby Hassan|1275049912309|Forum
137438953577|Wall of Evangelos Alkaios|1276062810823|Forum
137438953578|Wall of Georgios Angello|1273287047468|Forum
206158430315|Wall of Ge Chen|1277977433072|Forum
206158430317|Album 1 of Ge Chen|1280069482344|Forum
343597383790|Album 2 of Ge Chen|1290427301866|Forum
274877907055|Album 3 of Ge Chen|1286609472938|Forum
206158430321|Album 5 of Ge Chen|1279500926990|Forum
274877907058|Wall of Otto Richter|1282699141149|Forum
274877907059|Album 0 of Otto Richter|1284365790005|Forum
274877907060|Album 1 of Otto Richter|1286179709844|Forum
274877907061|Album 2 of Otto Richter|1286732945533|Forum
343597383798|Album 3 of Otto Richter|1289611663270|Forum
274877907063|Wall of Pablo Bernal|1283658913118|Forum
274877907066|Album 2 of Pablo Bernal|1285513710895|Forum
68719476861|Wall of Don Ho|1270559361208|Forum
68719476862|Wall of Ganesh Bombo|1270217515267|Forum
137438953599|Wall of Adriaen Jong|1273772727711|Forum
68719476864|Wall of Paul Becker|1272318563313|Forum
68719476865|Wall of Masahiro Sato|1268127935503|Forum
274877907074|Wall of Zsolt Kiss|1285502184442|Forum
343597383811|Album 0 of Zsolt Kiss|1289183974292|Forum
343597383812|Album 1 of Zsolt Kiss|1289711686545|Forum
274877907077|Album 2 of Zsolt Kiss|1285516479355|Forum
134|Wall of Ruby Thapa|1264973548546|Forum
135|Album 0 of Ruby Thapa|1265092300440|Forum
206158430344|Album 1 of Ruby Thapa|1277992216928|Forum
274877907081|Album 2 of Ruby Thapa|1285389281467|Forum
343597383819|Album 4 of Ruby Thapa|1289527714761|Forum
68719476876|Album 5 of Ruby Thapa|1268902270343|Forum
206158430349|Album 6 of Ruby Thapa|1279754018015|Forum
137438953614|Album 7 of Ruby Thapa|1272909995921|Forum
68719476879|Album 8 of Ruby Thapa|1271333406958|Forum
68719476880|Album 9 of Ruby Thapa|1270756900400|Forum
274877907089|Album 10 of Ruby Thapa|1285257377547|Forum
146|Wall of David Wilson|1266181631106|Forum
206158430355|Album 0 of David Wilson|1278434336803|Forum
206158430356|Album 1 of David Wilson|1277896109679|Forum
206158430357|Album 2 of David Wilson|1281825171247|Forum
137438953622|Album 3 of David Wilson|1276277874273|Forum
68719476887|Album 4 of David Wilson|1271918280347|Forum
343597383832|Album 5 of David Wilson|1290094774548|Forum
274877907097|Album 6 of David Wilson|1285926373142|Forum
154|Album 7 of David Wilson|1267189466168|Forum
274877907099|Album 8 of David Wilson|1282991541022|Forum
274877907100|Album 9 of David Wilson|1284687453444|Forum
274877907101|Wall of Hossein Forouhar|1283108310222|Forum
274877907103|Album 1 of Hossein Forouhar|1286429572796|Forum
274877907104|Album 2 of Hossein Forouhar|1284173006549|Forum
274877907105|Album 3 of Hossein Forouhar|1285939527471|Forum
343597383842|Wall of Roberto Diaz|1289593519287|Forum
166|Wall of Adje van den Berg Vries|1267021728717|Forum
206158430375|Album 0 of Adje van den Berg Vries|1278958596652|Forum
68719476904|Album 1 of Adje van den Berg Vries|1270993623047|Forum
274877907113|Album 2 of Adje van den Berg Vries|1283508802303|Forum
274877907114|Album 3 of Adje van den Berg Vries|1287519543528|Forum
68719476907|Album 4 of Adje van den Berg Vries|1271556271199|Forum
68719476908|Album 5 of Adje van den Berg Vries|1271491164450|Forum
68719476909|Album 6 of Adje van den Berg Vries|1268811091546|Forum
206158430382|Album 7 of Adje van den Berg Vries|1280557677756|Forum
137438953647|Album 8 of Adje van den Berg Vries|1275219048827|Forum
206158430384|Album 9 of Adje van den Berg Vries|1282379463809|Forum
177|Wall of Hao Li|1265675653632|Forum
68719476914|Album 0 of Hao Li|1268621760887|Forum
68719476915|Album 1 of Hao Li|1269141534722|Forum
206158430388|Album 2 of Hao Li|1278248341320|Forum
274877907125|Album 3 of Hao Li|1284339152904|Forum
274877907126|Album 4 of Hao Li|1284319286504|Forum
137438953655|Album 5 of Hao Li|1273295666664|Forum
68719476920|Album 6 of Hao Li|1270497426284|Forum
343597383865|Album 7 of Hao Li|1289300304655|Forum
206158430394|Album 8 of Hao Li|1279245546998|Forum
137438953659|Album 9 of Hao Li|1274849531559|Forum
206158430396|Wall of Sofiane Ferrer|1282425986792|Forum
68719476925|Wall of Anna Kofler|1269476119129|Forum
274877907134|Album 0 of Anna Kofler|1283758100610|Forum
206158430401|Album 3 of Anna Kofler|1281112132702|Forum
137438953666|Album 4 of Anna Kofler|1275248555743|Forum
206158430403|Album 5 of Anna Kofler|1279703010200|Forum
206158430405|Album 7 of Anna Kofler|1279374365958|Forum
274877907142|Album 8 of Anna Kofler|1286279811516|Forum
206158430407|Wall of Kiyoshi Nakamura|1278251532120|Forum
200|Wall of Philibert Roindefo|1263725050059|Forum
68719476937|Wall of Aurora Cruz|1271017228227|Forum
137438953674|Group for Donovan in Tagbilaran|1274849537475|Forum
274877907147|Group for De_La_Soul_Is_Dead in Tagbilaran|1284649969394|Forum
274877907148|Album 0 of Aurora Cruz|1282804249219|Forum
137438953677|Album 1 of Aurora Cruz|1276274297999|Forum
137438953678|Album 2 of Aurora Cruz|1276553280898|Forum
206158430415|Album 3 of Aurora Cruz|1281755558528|Forum
206158430416|Album 4 of Aurora Cruz|1278444175038|Forum
274877907153|Album 5 of Aurora Cruz|1286564647418|Forum
343597383890|Album 6 of Aurora Cruz|1288453273991|Forum
206158430419|Album 7 of Aurora Cruz|1277597388173|Forum
206158430420|Wall of Luigi Colombo|1278540605155|Forum
137438953685|Wall of Jose Gonzalez|1275714279711|Forum
206158430422|Wall of Bichang Li|1279728115679|Forum
274877907159|Wall of Cam Ho|1284165240485|Forum
216|Wall of Baby Yang|1265265678221|Forum
206158430425|Album 0 of Baby Yang|1279533660256|Forum
206158430426|Album 1 of Baby Yang|1281761083512|Forum
274877907163|Album 2 of Baby Yang|1282630665583|Forum
137438953692|Album 3 of Baby Yang|1276381166197|Forum
137438953693|Album 4 of Baby Yang|1275513110749|Forum
206158430430|Album 5 of Baby Yang|1279678150731|Forum
68719476959|Album 6 of Baby Yang|1270991706160|Forum
206158430432|Album 7 of Baby Yang|1277633996381|Forum
206158430433|Album 8 of Baby Yang|1279532961745|Forum
274877907170|Album 9 of Baby Yang|1283476790059|Forum
206158430435|Album 10 of Baby Yang|1280916041137|Forum
206158430436|Wall of Deepak Khan|1280140733626|Forum
274877907173|Wall of Aleksandr Dobrunov|1283179538180|Forum
274877907174|Album 0 of Aleksandr Dobrunov|1286006676064|Forum
274877907175|Album 1 of Aleksandr Dobrunov|1286674259980|Forum
274877907176|Album 2 of Aleksandr Dobrunov|1284641481014|Forum
343597383913|Album 3 of Aleksandr Dobrunov|1289373916506|Forum
274877907178|Wall of Abdoulaye Khouma Dia|1283091535474|Forum
343597383915|Album 0 of Abdoulaye Khouma Dia|1289316024859|Forum
274877907180|Album 1 of Abdoulaye Khouma Dia|1287389594626|Forum
274877907182|Album 3 of Abdoulaye Khouma Dia|1286279153530|Forum
239|Wall of Burak Koksal|1262490240389|Forum
206158430448|Wall of Tamas Gabor|1277976536947|Forum
206158430449|Album 0 of Tamas Gabor|1278627036076|Forum
274877907186|Album 1 of Tamas Gabor|1287088501564|Forum
274877907187|Album 2 of Tamas Gabor|1284090582953|Forum
343597383924|Album 3 of Tamas Gabor|1288985410938|Forum
274877907189|Album 4 of Tamas Gabor|1287258158271|Forum
206158430454|Album 5 of Tamas Gabor|1280169067054|Forum
68719476985|Wall of Wei Wei|1269267741928|Forum
68719476986|Wall of Tom Cauvin|1269568112449|Forum
68719476987|Wall of Abdul Wahid Jahani|1268931211150|Forum
137438953724|Wall of Amy Chen|1276168025336|Forum
206158430461|Album 0 of Amy Chen|1281058762438|Forum
274877907199|Album 2 of Amy Chen|1284489951464|Forum
274877907200|Album 3 of Amy Chen|1285044333049|Forum
137438953730|Album 5 of Amy Chen|1276966639473|Forum
274877907203|Wall of Wojciech Ciesla|1283327574765|Forum
274877907204|Album 0 of Wojciech Ciesla|1285330288755|Forum
343597383942|Album 2 of Wojciech Ciesla|1287959643613|Forum
137438953736|Wall of Li Zhang|1273353178453|Forum
206158430473|Wall of Cengiz Yildiz|1282375572732|Forum
274877907210|Wall of Arjun Singh|1285435846121|Forum
137438953739|Wall of Tom Harris|1275598191279|Forum
137438953740|Album 0 of Tom Harris|1276996860810|Forum
206158430477|Album 1 of Tom Harris|1280638299734|Forum
137438953742|Album 2 of Tom Harris|1276341128653|Forum
274877907215|Album 3 of Tom Harris|1286376719106|Forum
274877907218|Album 6 of Tom Harris|1286851936849|Forum
274877907219|Wall of Albaye Papa Diouf|1286299694581|Forum
343597383956|Album 0 of Albaye Papa Diouf|1289857939858|Forum
137438953750|Wall of Li Zhang|1273541777744|Forum
274877907223|Wall of Abdullah Koksal|1282578466825|Forum
274877907224|Album 0 of Abdullah Koksal|1282591914540|Forum
343597383961|Album 1 of Abdullah Koksal|1290494980289|Forum
274877907226|Album 2 of Abdullah Koksal|1284450945654|Forum
343597383963|Album 3 of Abdullah Koksal|1289764042332|Forum
68719477020|Wall of Aleksandr Efimkin|1268955714770|Forum
274877907229|Wall of Angel Barre|1286338316183|Forum
343597383966|Album 0 of Angel Barre|1290535539562|Forum
343597383967|Album 1 of Angel Barre|1290039034638|Forum
137438953760|Wall of Eric Mettacara|1272458501109|Forum
137438953761|Album 0 of Eric Mettacara|1277050917757|Forum
274877907234|Album 1 of Eric Mettacara|1286039142962|Forum
137438953764|Album 3 of Eric Mettacara|1273093112129|Forum
274877907237|Album 4 of Eric Mettacara|1284796129178|Forum
137438953766|Album 5 of Eric Mettacara|1275992167559|Forum
274877907239|Album 6 of Eric Mettacara|1285672752121|Forum
274877907240|Album 7 of Eric Mettacara|1283287923706|Forum
137438953769|Wall of Rafael Fernández|1275959481971|Forum
206158430506|Wall of Gayatri Reddy|1281656685805|Forum
274877907243|Wall of Jie Yang|1287529578006|Forum
274877907246|Wall of Rene Arnaud|1285971468476|Forum
68719477039|Wall of Karl Fischer|1268423969007|Forum
68719477040|Wall of Joseph Sharma|1270395130569|Forum
343597383985|Album 0 of Joseph Sharma|1287806895718|Forum
206158430515|Album 2 of Joseph Sharma|1281871738635|Forum
206158430516|Album 3 of Joseph Sharma|1277845205169|Forum
137438953781|Album 4 of Joseph Sharma|1274701874428|Forum
274877907254|Album 5 of Joseph Sharma|1285991904472|Forum
274877907255|Album 6 of Joseph Sharma|1283479879513|Forum
206158430520|Album 7 of Joseph Sharma|1279747330957|Forum
137438953785|Album 8 of Joseph Sharma|1275635071027|Forum
137438953786|Wall of Jose Pereira|1273601025111|Forum
343597383995|Album 0 of Jose Pereira|1290479016880|Forum
206158430524|Album 1 of Jose Pereira|1278085716843|Forum
274877907261|Album 2 of Jose Pereira|1282677064080|Forum
206158430526|Album 3 of Jose Pereira|1278699585763|Forum
343597383999|Album 4 of Jose Pereira|1288165662570|Forum
343597384000|Album 5 of Jose Pereira|1288683950379|Forum
206158430529|Album 6 of Jose Pereira|1279039321687|Forum
206158430530|Wall of Bingbing Yang|1279832005398|Forum
343597384003|Album 0 of Bingbing Yang|1289185889317|Forum
343597384006|Album 3 of Bingbing Yang|1288772969674|Forum
206158430535|Album 4 of Bingbing Yang|1280595358481|Forum
274877907272|Wall of Bacary Diop|1282624066857|Forum
343597384009|Album 0 of Bacary Diop|1289317301197|Forum
343597384010|Album 1 of Bacary Diop|1288286945728|Forum
274877907275|Album 2 of Bacary Diop|1287257738210|Forum
343597384012|Album 3 of Bacary Diop|1288731591950|Forum
68719477073|Wall of Ken Yamada|1268715084078|Forum
137438953810|Wall of Arjun Kumar|1277316889013|Forum
68719477075|Wall of Vinod Sharma|1268349130204|Forum
137438953812|Album 0 of Vinod Sharma|1276463709792|Forum
343597384021|Album 1 of Vinod Sharma|1289931747283|Forum
137438953814|Album 2 of Vinod Sharma|1274892686783|Forum
68719477079|Album 3 of Vinod Sharma|1269266815962|Forum
68719477080|Album 4 of Vinod Sharma|1270280064616|Forum
274877907289|Album 5 of Vinod Sharma|1286268086098|Forum
68719477082|Album 6 of Vinod Sharma|1269724949064|Forum
206158430555|Album 7 of Vinod Sharma|1279217596522|Forum
206158430557|Wall of Jie Yang|1280509135052|Forum
350|Wall of K. Sen|1262470142860|Forum
137438953824|Album 1 of K. Sen|1276808300341|Forum
68719477089|Album 2 of K. Sen|1268941337708|Forum
68719477090|Album 3 of K. Sen|1269654010807|Forum
68719477091|Album 4 of K. Sen|1271321122080|Forum
68719477093|Album 6 of K. Sen|1267606960719|Forum
68719477094|Album 7 of K. Sen|1269425542075|Forum
343597384039|Album 8 of K. Sen|1288754970118|Forum
206158430568|Album 9 of K. Sen|1281386366698|Forum
343597384041|Album 10 of K. Sen|1289693367669|Forum
362|Album 11 of K. Sen|1266876453050|Forum
137438953835|Wall of Alim Guliyev|1277402701119|Forum
206158430572|Wall of Jan Zakrzewski|1278998523260|Forum
206158430573|Wall of Wei Chen|1279864768797|Forum
274877907311|Album 1 of Wei Chen|1286083659216|Forum
274877907312|Album 2 of Wei Chen|1286192311574|Forum
68719477108|Wall of Seung-Won Choi|1270491133492|Forum
68719477109|Album 0 of Seung-Won Choi|1271166593298|Forum
274877907318|Album 1 of Seung-Won Choi|1285802484489|Forum
274877907319|Album 2 of Seung-Won Choi|1285796508837|Forum
137438953848|Album 3 of Seung-Won Choi|1275781444010|Forum
206158430585|Album 4 of Seung-Won Choi|1279374522216|Forum
343597384059|Album 6 of Seung-Won Choi|1288054367913|Forum
274877907324|Album 7 of Seung-Won Choi|1284696309373|Forum
343597384061|Album 8 of Seung-Won Choi|1288860378356|Forum
274877907326|Wall of Sam Hsu|1283591627106|Forum
274877907329|Album 2 of Sam Hsu|1284867430355|Forum
343597384066|Wall of Ali Ferrer|1289275261834|Forum
206158430596|Wall of John Reddy|1279489340705|Forum
206158430597|Wall of Ahsan Baloch|1279904476657|Forum
274877907334|Wall of Abhishek Nair|1283976964320|Forum
274877907335|Album 0 of Abhishek Nair|1285694169489|Forum
274877907336|Album 1 of Abhishek Nair|1284482282928|Forum
343597384073|Album 2 of Abhishek Nair|1288619953088|Forum
396|Wall of Peng Liu|1264596736270|Forum
206158430605|Album 0 of Peng Liu|1282072885953|Forum
68719477134|Album 1 of Peng Liu|1271566032268|Forum
274877907343|Album 2 of Peng Liu|1285639222442|Forum
343597384080|Album 3 of Peng Liu|1289066894584|Forum
68719477137|Album 4 of Peng Liu|1270923993084|Forum
343597384082|Album 5 of Peng Liu|1289924109577|Forum
403|Album 6 of Peng Liu|1266712255293|Forum
274877907348|Album 7 of Peng Liu|1286503192990|Forum
68719477141|Album 8 of Peng Liu|1269520826909|Forum
137438953878|Album 9 of Peng Liu|1274042614386|Forum
343597384087|Album 10 of Peng Liu|1289813611754|Forum
137438953880|Wall of Ali Achiou|1275773285869|Forum
206158430617|Wall of Abhishek Singh|1278343651892|Forum
206158430618|Wall of Albert Mahmoud|1281199155908|Forum
274877907355|Album 0 of Albert Mahmoud|1285235278733|Forum
343597384093|Album 2 of Albert Mahmoud|1288849927700|Forum
343597384094|Album 3 of Albert Mahmoud|1287735705139|Forum
68719477151|Wall of Priyanka Singh|1272270500535|Forum
68719477152|Wall of Hao Wang|1270083685903|Forum
206158430625|Wall of Ali Abouba|1277984897191|Forum
206158430626|Album 0 of Ali Abouba|1281063243404|Forum
343597384099|Album 1 of Ali Abouba|1290016631612|Forum
274877907364|Album 2 of Ali Abouba|1283987491399|Forum
343597384102|Album 4 of Ali Abouba|1288297310587|Forum
274877907367|Album 5 of Ali Abouba|1284733312444|Forum
274877907368|Wall of John Johnson|1286015354409|Forum
274877907372|Wall of Lin Lei|1283362276487|Forum
274877907373|Album 0 of Lin Lei|1286228576845|Forum
274877907374|Album 1 of Lin Lei|1284979314467|Forum
343597384112|Album 3 of Lin Lei|1290396591439|Forum
206158430643|Wall of Babar Khan|1279562022355|Forum
206158430644|Album 0 of Babar Khan|1280741756530|Forum
274877907381|Album 1 of Babar Khan|1283124413855|Forum
206158430646|Album 2 of Babar Khan|1282203007994|Forum
206158430647|Album 3 of Babar Khan|1281117548013|Forum
206158430648|Album 4 of Babar Khan|1281956688538|Forum
274877907385|Wall of Patricia Alvarez|1284579584363|Forum
343597384122|Album 0 of Patricia Alvarez|1289005680551|Forum
343597384124|Album 2 of Patricia Alvarez|1289074231414|Forum
343597384125|Wall of Alejandro Garcia|1288094146246|Forum
137438953918|Wall of Lei Zhang|1275325047025|Forum
206158430655|Album 0 of Lei Zhang|1281434609203|Forum
137438953920|Album 1 of Lei Zhang|1276472498544|Forum
206158430657|Album 2 of Lei Zhang|1278599537300|Forum
343597384130|Album 3 of Lei Zhang|1287638621419|Forum
137438953923|Album 4 of Lei Zhang|1275395333407|Forum
343597384132|Album 5 of Lei Zhang|1288588571295|Forum
343597384133|Album 6 of Lei Zhang|1287767541963|Forum
206158430662|Wall of Naresh Singh|1281365067373|Forum
274877907399|Wall of Celso Oliveira|1283574552147|Forum
343597384136|Album 0 of Celso Oliveira|1288497161773|Forum
274877907401|Album 1 of Celso Oliveira|1285359723258|Forum
206158430667|Wall of Akira Yamamoto|1278878747709|Forum
206158430668|Album 0 of Akira Yamamoto|1280625819774|Forum
343597384141|Album 1 of Akira Yamamoto|1287862890772|Forum
274877907406|Album 2 of Akira Yamamoto|1285592438787|Forum
206158430672|Album 4 of Akira Yamamoto|1282007120943|Forum
206158430673|Wall of Juan Aquino|1280652770107|Forum
466|Wall of Rahul Sharma|1267292426049|Forum
206158430675|Album 0 of Rahul Sharma|1280024804291|Forum
274877907412|Album 1 of Rahul Sharma|1284779732844|Forum
206158430677|Album 2 of Rahul Sharma|1278584717837|Forum
274877907414|Album 3 of Rahul Sharma|1284770006168|Forum
206158430679|Album 4 of Rahul Sharma|1282275572176|Forum
274877907416|Album 5 of Rahul Sharma|1283613617198|Forum
68719477209|Album 6 of Rahul Sharma|1270272585575|Forum
137438953946|Album 7 of Rahul Sharma|1274547103380|Forum
274877907419|Album 8 of Rahul Sharma|1284580152060|Forum
68719477213|Wall of Aburizal Budjana|1271432462543|Forum
274877907422|Album 0 of Aburizal Budjana|1284010818356|Forum
68719477215|Album 1 of Aburizal Budjana|1271779572898|Forum
274877907424|Album 2 of Aburizal Budjana|1283099621722|Forum
343597384161|Album 3 of Aburizal Budjana|1288584943243|Forum
343597384162|Album 4 of Aburizal Budjana|1290127036082|Forum
274877907427|Album 5 of Aburizal Budjana|1283789836652|Forum
137438953956|Album 6 of Aburizal Budjana|1274182018767|Forum
274877907429|Album 7 of Aburizal Budjana|1282647464829|Forum
137438953958|Wall of Djelaludin Zaland|1274322548974|Forum
274877907431|Album 0 of Djelaludin Zaland|1285026999485|Forum
343597384169|Album 2 of Djelaludin Zaland|1290308279174|Forum
137438953962|Album 3 of Djelaludin Zaland|1276224986241|Forum
206158430699|Album 4 of Djelaludin Zaland|1281993821069|Forum
206158430700|Album 5 of Djelaludin Zaland|1279325386821|Forum
274877907437|Album 6 of Djelaludin Zaland|1285062167999|Forum
137438953966|Wall of R. Sharma|1274101836065|Forum
343597384175|Album 0 of R. Sharma|1287735455603|Forum
343597384176|Album 1 of R. Sharma|1288851691885|Forum
137438953969|Album 2 of R. Sharma|1274737794207|Forum
206158430706|Album 3 of R. Sharma|1282273709344|Forum
206158430707|Album 4 of R. Sharma|1278377712798|Forum
343597384180|Album 5 of R. Sharma|1290089022915|Forum
206158430709|Album 6 of R. Sharma|1278356310774|Forum
502|Wall of Alexandr Akhmadiyeva|1265747266619|Forum
68719477239|Wall of Meera Khan|1271303469294|Forum
206158430712|Album 0 of Meera Khan|1279068560092|Forum
206158430713|Album 1 of Meera Khan|1282483646580|Forum
137438953978|Album 2 of Meera Khan|1275571623656|Forum
68719477243|Album 3 of Meera Khan|1271678333578|Forum
343597384188|Album 4 of Meera Khan|1288025418444|Forum
137438953981|Album 5 of Meera Khan|1272484602337|Forum
343597384190|Album 6 of Meera Khan|1288781169003|Forum
137438953983|Album 7 of Meera Khan|1276126430593|Forum
137438953984|Wall of Luigi Donati|1275349433216|Forum
274877907457|Wall of A. Prasad|1285039497919|Forum
343597384196|Wall of Ayesha Ahmed|1289648507510|Forum
68719477254|Wall of Mehmet Koksal|1267414379202|Forum
343597384199|Album 0 of Mehmet Koksal|1288001621713|Forum
137438953994|Album 3 of Mehmet Koksal|1276044617312|Forum
137438953995|Album 4 of Mehmet Koksal|1272812515274|Forum
137438953997|Album 6 of Mehmet Koksal|1273538339945|Forum
274877907470|Album 7 of Mehmet Koksal|1283462317164|Forum
206158430735|Album 8 of Mehmet Koksal|1280999193656|Forum
274877907472|Album 9 of Mehmet Koksal|1286654951844|Forum
137438954001|Wall of Taras Kofler|1273613570895|Forum
206158430738|Wall of Neil Murray|1279668537148|Forum
274877907475|Wall of Rahul Nair|1285717363707|Forum
343597384212|Wall of Francisco Reyes|1290622682333|Forum
534|Wall of Hayyim Gillett|1264884930626|Forum
68719477271|Album 0 of Hayyim Gillett|1268793841170|Forum
206158430745|Album 2 of Hayyim Gillett|1278419796602|Forum
68719477274|Album 3 of Hayyim Gillett|1269294096635|Forum
68719477275|Album 4 of Hayyim Gillett|1272070251532|Forum
206158430748|Album 5 of Hayyim Gillett|1280965055133|Forum
343597384221|Album 6 of Hayyim Gillett|1289451601365|Forum
274877907486|Album 7 of Hayyim Gillett|1283519809127|Forum
274877907487|Album 8 of Hayyim Gillett|1283719387981|Forum
68719477280|Album 9 of Hayyim Gillett|1267865186634|Forum
137438954017|Album 10 of Hayyim Gillett|1276890113277|Forum
274877907490|Wall of Abdul Jamil Qureshi|1286407692190|Forum
343597384227|Album 0 of Abdul Jamil Qureshi|1289622764536|Forum
206158430757|Wall of Nicolas Diaz|1278834531392|Forum
274877907494|Album 0 of Nicolas Diaz|1286925616392|Forum
343597384235|Wall of Fernanda Alves|1288310582672|Forum
137438954028|Wall of Hans Becker|1275205635077|Forum
137438954030|Wall of Jimmy Burak|1273339107047|Forum
206158430767|Album 0 of Jimmy Burak|1277659390675|Forum
274877907504|Album 1 of Jimmy Burak|1287219033439|Forum
206158430769|Album 2 of Jimmy Burak|1279578928559|Forum
137438954035|Album 4 of Jimmy Burak|1274726168940|Forum
137438954036|Album 5 of Jimmy Burak|1277030010109|Forum
206158430773|Album 6 of Jimmy Burak|1278110956776|Forum
343597384246|Wall of Kenji Matsudaira|1287702255309|Forum
567|Wall of Maria Alkaios|1262456653976|Forum
68719477304|Wall of Rene Buysse|1267558949176|Forum
137438954041|Wall of Rahul Khan|1277047958150|Forum
274877907514|Album 0 of Rahul Khan|1285032427768|Forum
343597384251|Album 1 of Rahul Khan|1290401372417|Forum
206158430780|Album 2 of Rahul Khan|1278552348953|Forum
206158430781|Album 3 of Rahul Khan|1278809852948|Forum
274877907518|Album 4 of Rahul Khan|1284449740188|Forum
274877907519|Album 5 of Rahul Khan|1282564647582|Forum
137438954048|Wall of Ahmad Zakii Lee|1274676842613|Forum
206158430785|Wall of Cheng Wei|1281123464594|Forum
68719477314|Wall of Yang Li|1267875516045|Forum
274877907523|Wall of Mamoon Eshaq 0 Amin|1285884008958|Forum
68719477318|Wall of Adisak Charoenpura|1268994787448|Forum
274877907527|Album 0 of Adisak Charoenpura|1284476260595|Forum
274877907528|Album 1 of Adisak Charoenpura|1284014893903|Forum
274877907530|Album 3 of Adisak Charoenpura|1285544188167|Forum
206158430795|Album 4 of Adisak Charoenpura|1277901544850|Forum
343597384268|Album 5 of Adisak Charoenpura|1287723446349|Forum
137438954061|Album 6 of Adisak Charoenpura|1273563776252|Forum
274877907534|Album 7 of Adisak Charoenpura|1285186122253|Forum
343597384271|Album 8 of Adisak Charoenpura|1287926292947|Forum
137438954064|Wall of Miguel Gonzalez|1274172668297|Forum
274877907538|Album 1 of Miguel Gonzalez|1285534234376|Forum
274877907539|Album 2 of Miguel Gonzalez|1284985398919|Forum
274877907540|Album 3 of Miguel Gonzalez|1286690317126|Forum
206158430805|Album 4 of Miguel Gonzalez|1278897605144|Forum
206158430806|Album 5 of Miguel Gonzalez|1281866549405|Forum
274877907543|Album 6 of Miguel Gonzalez|1283000341036|Forum
274877907544|Wall of Gary Hill|1287361160632|Forum
206158430811|Wall of Javed Chohan|1282458704787|Forum
343597384285|Group for Patrick_Vieira in Larkana_District|1288219734651|Forum
137438954078|Wall of Chen Wang|1273684198885|Forum
274877907551|Album 0 of Chen Wang|1282834411037|Forum
206158430816|Album 1 of Chen Wang|1280815640057|Forum
343597384289|Album 2 of Chen Wang|1289394390399|Forum
206158430818|Album 3 of Chen Wang|1281151970185|Forum
343597384292|Album 5 of Chen Wang|1289462671101|Forum
274877907557|Album 6 of Chen Wang|1284588614955|Forum
137438954086|Wall of Shweta Singh|1273025318502|Forum
343597384295|Group for The_Movie_Album in Anantapur_district|1287662166737|Forum
274877907560|Wall of George Jones|1284610329373|Forum
343597384297|Wall of Aden Ben-Tzur|1290665728278|Forum
68719477354|Wall of Dặng Dinh Hoang|1269525925566|Forum
137438954091|Group for Highway_61_Revisited in Điện_Biên_Phủ|1273800389382|Forum
206158430828|Wall of Bruno Oliveira|1280475988163|Forum
274877907566|Album 1 of Bruno Oliveira|1284961270010|Forum
206158430831|Album 2 of Bruno Oliveira|1280549369376|Forum
274877907568|Album 3 of Bruno Oliveira|1285670621804|Forum
206158430834|Wall of John Khan|1278759813250|Forum
206158430836|Album 1 of John Khan|1281634637424|Forum
206158430837|Album 2 of John Khan|1280919815231|Forum
274877907574|Album 3 of John Khan|1282723666173|Forum
137438954104|Wall of Aditya Khan|1274517213429|Forum
206158430841|Album 0 of Aditya Khan|1281138598177|Forum
274877907578|Album 1 of Aditya Khan|1284899767694|Forum
274877907580|Album 3 of Aditya Khan|1287441054326|Forum
343597384317|Album 4 of Aditya Khan|1288637266527|Forum
343597384318|Album 5 of Aditya Khan|1287967238493|Forum
343597384319|Album 6 of Aditya Khan|1288941955995|Forum
343597384320|Wall of Stefan David|1290508652069|Forum
68719477377|Wall of Luis Alonso|1269237633812|Forum
206158430850|Album 0 of Luis Alonso|1278782074645|Forum
274877907587|Album 1 of Luis Alonso|1283845057139|Forum
137438954116|Album 2 of Luis Alonso|1277087072708|Forum
274877907589|Album 3 of Luis Alonso|1285726996310|Forum
274877907590|Album 4 of Luis Alonso|1283083175826|Forum
137438954119|Album 5 of Luis Alonso|1275393052052|Forum
274877907592|Album 6 of Luis Alonso|1285751167733|Forum
68719477385|Album 7 of Luis Alonso|1269637185931|Forum
206158430858|Album 8 of Luis Alonso|1282268266607|Forum
651|Wall of Rahul Khan|1266902043877|Forum
652|Wall of Zheng Lei|1264144014648|Forum
137438954127|Album 2 of Zheng Lei|1273167971144|Forum
137438954128|Album 3 of Zheng Lei|1277230588478|Forum
137438954129|Album 4 of Zheng Lei|1275627414969|Forum
274877907602|Album 5 of Zheng Lei|1283413755971|Forum
137438954131|Album 6 of Zheng Lei|1276760883388|Forum
137438954132|Album 7 of Zheng Lei|1277401468222|Forum
274877907605|Album 8 of Zheng Lei|1283545490368|Forum
662|Album 9 of Zheng Lei|1266554041991|Forum
206158430871|Album 10 of Zheng Lei|1279828053961|Forum
68719477400|Wall of Hermann Schmidt|1270640016544|Forum
274877907609|Wall of Jun Li|1283232030663|Forum
274877907610|Album 0 of Jun Li|1285974250081|Forum
274877907611|Album 1 of Jun Li|1286266238513|Forum
274877907612|Album 2 of Jun Li|1285009369747|Forum
274877907613|Album 3 of Jun Li|1284199358442|Forum
206158430878|Wall of Oleg Bazayev|1281329805776|Forum
343597384351|Group for Franz_Schubert in Astana|1288407688595|Forum
274877907616|Group for Sunday_Bloody_Sunday in Astana|1282705189582|Forum
343597384353|Album 0 of Oleg Bazayev|1290517617955|Forum
274877907618|Album 1 of Oleg Bazayev|1286918583178|Forum
274877907619|Album 2 of Oleg Bazayev|1285778212201|Forum
274877907620|Album 3 of Oleg Bazayev|1285836955696|Forum
206158430885|Wall of Chaim Azriel Hleb|1280382087209|Forum
206158430886|Wall of Amjad Islam Ahsan|1278362051291|Forum
206158430887|Album 0 of Amjad Islam Ahsan|1280140481029|Forum
206158430888|Album 1 of Amjad Islam Ahsan|1279393013493|Forum
206158430889|Album 2 of Amjad Islam Ahsan|1278737938941|Forum
343597384363|Album 4 of Amjad Islam Ahsan|1290109664334|Forum
343597384364|Wall of Javed Khan|1288977445923|Forum
343597384365|Album 0 of Javed Khan|1289418246661|Forum
68719477422|Wall of Jun Chen|1270278209810|Forum
689|Wall of John Kumar|1266276267359|Forum
137438954162|Album 0 of John Kumar|1276196122008|Forum
137438954163|Album 1 of John Kumar|1276126784884|Forum
343597384373|Album 3 of John Kumar|1287673926664|Forum
206158430902|Album 4 of John Kumar|1279288792734|Forum
68719477431|Album 5 of John Kumar|1269587594086|Forum
137438954168|Album 6 of John Kumar|1273633926966|Forum
274877907641|Album 7 of John Kumar|1284620026185|Forum
274877907642|Album 8 of John Kumar|1285643629994|Forum
206158430907|Album 9 of John Kumar|1282169738773|Forum
137438954172|Wall of Tissa Perera|1276105503772|Forum
206158430909|Group for Pope_Benedict_XVI in Nugegoda|1278450308903|Forum
206158430910|Group for Zine_El_Abidine_Ben_Ali in Nugegoda|1280749709186|Forum
137438954175|Wall of Otto Becker|1273210471165|Forum
137438954176|Wall of Renato Silva|1274685844992|Forum
137438954177|Wall of Chau Ha|1275306768493|Forum
343597384386|Album 0 of Chau Ha|1288520842603|Forum
274877907651|Album 1 of Chau Ha|1285680821538|Forum
206158430916|Album 2 of Chau Ha|1281446278191|Forum
343597384389|Album 3 of Chau Ha|1287701792196|Forum
274877907656|Album 6 of Chau Ha|1285533010839|Forum
68719477453|Wall of Adrian Bravo|1267559685274|Forum
206158430926|Group for Help_Me_Make_It_Through_the_Night in Ensenada|1281081594003|Forum
68719477455|Album 0 of Adrian Bravo|1268357456860|Forum
68719477456|Album 1 of Adrian Bravo|1270027249056|Forum
274877907665|Album 2 of Adrian Bravo|1286221336748|Forum
206158430930|Album 3 of Adrian Bravo|1277594995384|Forum
68719477459|Album 4 of Adrian Bravo|1271312560852|Forum
137438954196|Album 5 of Adrian Bravo|1272690222913|Forum
68719477462|Album 7 of Adrian Bravo|1271590100509|Forum
343597384407|Album 8 of Adrian Bravo|1288471216014|Forum
343597384408|Album 9 of Adrian Bravo|1288000112936|Forum
68719477467|Wall of Eduardo Gonzalez|1267411349276|Forum
68719477468|Album 0 of Eduardo Gonzalez|1269308048014|Forum
206158430941|Album 1 of Eduardo Gonzalez|1278603179485|Forum
206158430942|Album 2 of Eduardo Gonzalez|1281301664976|Forum
343597384415|Album 3 of Eduardo Gonzalez|1289215649964|Forum
68719477472|Album 4 of Eduardo Gonzalez|1269543986162|Forum
206158430945|Album 5 of Eduardo Gonzalez|1282375199964|Forum
274877907682|Album 6 of Eduardo Gonzalez|1286754939627|Forum
206158430947|Album 7 of Eduardo Gonzalez|1278955621765|Forum
274877907685|Album 9 of Eduardo Gonzalez|1287266532418|Forum
68719477478|Wall of Kurt Becker|1270217043416|Forum
206158430951|Wall of Bryn Davies|1280807182785|Forum
343597384425|Album 1 of Bryn Davies|1290217227843|Forum
274877907690|Album 2 of Bryn Davies|1284096625127|Forum
343597384427|Album 3 of Bryn Davies|1288035727263|Forum
274877907692|Album 4 of Bryn Davies|1285959125663|Forum
343597384429|Wall of Paul Bologan|1288524165494|Forum
752|Wall of Wolfgang Bauer|1265392967516|Forum
137438954225|Wall of Michel Rothschild|1275755947150|Forum
343597384434|Wall of Ashok Singh|1289515246211|Forum
755|Wall of Alexander Basov|1264513861732|Forum
137438954228|Group for Laurence_Olivier in Omsk|1274767788817|Forum
137438954229|Wall of John Johnson|1276901696575|Forum
137438954230|Wall of Ana Paula Silva|1273545405369|Forum
274877907703|Wall of Otto Redl|1287335978686|Forum
274877907706|Wall of Chen Zhu|1283195803907|Forum
68719477499|Wall of Jorge Araujo Castro|1268622202050|Forum
137438954236|Wall of Neil Coetzee|1274914517586|Forum
206158430973|Wall of Jie Wei|1282431075745|Forum
343597384446|Wall of Eddie Aquino|1290471295873|Forum
767|Wall of Jae-Jin Park|1267292336198|Forum
68719477504|Wall of Claude Aly|1268693211931|Forum
274877907713|Album 0 of Claude Aly|1285155406110|Forum
206158430978|Album 1 of Claude Aly|1281184386036|Forum
137438954243|Album 2 of Claude Aly|1275646297711|Forum
343597384452|Album 3 of Claude Aly|1288516629147|Forum
206158430981|Album 4 of Claude Aly|1278765714312|Forum
274877907718|Album 5 of Claude Aly|1284261874880|Forum
137438954247|Album 6 of Claude Aly|1275215888258|Forum
274877907720|Album 7 of Claude Aly|1287388312611|Forum
274877907721|Album 8 of Claude Aly|1286261210210|Forum
343597384458|Wall of Yang Wu|1289763023475|Forum
779|Wall of Anson Chen|1262778985429|Forum
274877907724|Album 0 of Anson Chen|1283621596262|Forum
68719477517|Album 1 of Anson Chen|1268250367330|Forum
206158430990|Album 2 of Anson Chen|1278932283372|Forum
783|Album 3 of Anson Chen|1266704707632|Forum
68719477520|Album 4 of Anson Chen|1268675945902|Forum
343597384465|Album 5 of Anson Chen|1287992638569|Forum
206158430994|Album 6 of Anson Chen|1279214780926|Forum
787|Album 7 of Anson Chen|1265693756363|Forum
788|Album 8 of Anson Chen|1265426619556|Forum
343597384469|Album 9 of Anson Chen|1288420925055|Forum
790|Album 10 of Anson Chen|1264655150309|Forum
137438954263|Wall of Jun Chen|1273492727894|Forum
137438954264|Wall of Andrius Dukauskaite|1275610847614|Forum
206158431001|Wall of Fernando Sumac|1279576505520|Forum
343597384475|Album 1 of Fernando Sumac|1288175097562|Forum
274877907740|Album 2 of Fernando Sumac|1283104359500|Forum
206158431005|Album 3 of Fernando Sumac|1280763944286|Forum
206158431006|Album 4 of Fernando Sumac|1281822212489|Forum
343597384479|Wall of A. Gallagher|1290066661261|Forum
800|Wall of Cheng Chen|1266956435894|Forum
137438954273|Group for Alexander_von_Humboldt in Putian|1272536902874|Forum
206158431010|Group for Joseph_Smith in Putian|1280211760271|Forum
137438954276|Wall of Zdenek Herzigová|1274395321398|Forum
206158431014|Album 1 of Zdenek Herzigová|1277651298084|Forum
137438954279|Album 2 of Zdenek Herzigová|1274463150443|Forum
206158431017|Album 4 of Zdenek Herzigová|1279246429453|Forum
206158431018|Album 5 of Zdenek Herzigová|1278709989886|Forum
137438954283|Album 6 of Zdenek Herzigová|1274799200177|Forum
343597384492|Wall of A. Sen|1290232616559|Forum
343597384494|Wall of Carlos Alvarez|1288733094140|Forum
815|Wall of Brian Wilson|1265578352862|Forum
137438954288|Wall of Abdul Haris Tobing|1275483140098|Forum
206158431025|Album 0 of Abdul Haris Tobing|1281761096500|Forum
274877907762|Album 1 of Abdul Haris Tobing|1283710779198|Forum
343597384499|Album 2 of Abdul Haris Tobing|1287917188106|Forum
343597384500|Album 3 of Abdul Haris Tobing|1290045659918|Forum
137438954294|Album 5 of Abdul Haris Tobing|1277453930126|Forum
274877907767|Album 6 of Abdul Haris Tobing|1283394171265|Forum
137438954299|Wall of Alejandro Rodriguez|1272526971747|Forum
274877907772|Album 0 of Alejandro Rodriguez|1285848562551|Forum
343597384509|Album 1 of Alejandro Rodriguez|1288138532853|Forum
343597384510|Album 2 of Alejandro Rodriguez|1289869857960|Forum
137438954303|Album 3 of Alejandro Rodriguez|1276024065817|Forum
343597384512|Album 4 of Alejandro Rodriguez|1289834676145|Forum
274877907777|Album 5 of Alejandro Rodriguez|1286018507345|Forum
343597384514|Album 6 of Alejandro Rodriguez|1290359530465|Forum
206158431044|Wall of Odile Gertze|1282027901529|Forum
837|Wall of Mike Wilson|1266566745654|Forum
206158431046|Album 0 of Mike Wilson|1277570840491|Forum
68719477575|Album 1 of Mike Wilson|1271696133373|Forum
343597384520|Album 2 of Mike Wilson|1289509586277|Forum
137438954313|Album 3 of Mike Wilson|1274265855547|Forum
206158431050|Album 4 of Mike Wilson|1278971252143|Forum
68719477579|Album 5 of Mike Wilson|1268638925267|Forum
68719477580|Album 6 of Mike Wilson|1267618844901|Forum
274877907791|Album 9 of Mike Wilson|1284774097699|Forum
137438954320|Wall of John Kobzon|1276109202196|Forum
343597384529|Album 0 of John Kobzon|1288508046133|Forum
343597384530|Album 1 of John Kobzon|1290415188677|Forum
274877907795|Album 2 of John Kobzon|1284528326457|Forum
206158431060|Album 3 of John Kobzon|1277479683001|Forum
343597384534|Album 5 of John Kobzon|1287701607103|Forum
274877907799|Wall of Alexei Kahnovich|1282693519786|Forum
206158431065|Wall of Iraj Karimi|1282334370064|Forum
206158431067|Album 1 of Iraj Karimi|1282370549834|Forum
206158431070|Wall of Carlos Abascal|1279257160172|Forum
274877907807|Album 0 of Carlos Abascal|1285008547291|Forum
274877907808|Album 1 of Carlos Abascal|1283363767974|Forum
274877907809|Album 2 of Carlos Abascal|1284996821402|Forum
206158431074|Album 3 of Carlos Abascal|1282249383358|Forum
274877907812|Wall of Joakim Larsson|1284935808635|Forum
274877907813|Album 0 of Joakim Larsson|1285225420800|Forum
274877907814|Album 1 of Joakim Larsson|1285993947123|Forum
343597384551|Album 2 of Joakim Larsson|1289152470953|Forum
872|Wall of Asher Mamo|1266720731912|Forum
206158431081|Album 0 of Asher Mamo|1279208408298|Forum
343597384554|Album 1 of Asher Mamo|1290590882265|Forum
137438954347|Album 2 of Asher Mamo|1272928177045|Forum
68719477612|Album 3 of Asher Mamo|1267972822000|Forum
274877907821|Album 4 of Asher Mamo|1286642134333|Forum
206158431086|Album 5 of Asher Mamo|1280214220822|Forum
274877907824|Album 7 of Asher Mamo|1282525172315|Forum
68719477617|Album 8 of Asher Mamo|1271614029808|Forum
882|Album 9 of Asher Mamo|1267290583839|Forum
274877907827|Wall of Mirza Kalich Ali|1283404300313|Forum
206158431095|Wall of Ahmed Hussain|1278310351165|Forum
343597384568|Album 0 of Ahmed Hussain|1289067423252|Forum
343597384571|Album 3 of Ahmed Hussain|1290204386498|Forum
274877907836|Album 4 of Ahmed Hussain|1284060727295|Forum
274877907837|Wall of John Reddy|1284836307634|Forum
343597384575|Album 1 of John Reddy|1289498434529|Forum
343597384577|Wall of Wojciech Kowalski|1290266624404|Forum
206158431107|Wall of Luigi Bonomi|1277847480964|Forum
900|Wall of Alfonso Alvarez|1262602408117|Forum
206158431109|Album 0 of Alfonso Alvarez|1279965447231|Forum
902|Album 1 of Alfonso Alvarez|1266872738983|Forum
206158431111|Album 2 of Alfonso Alvarez|1278956344348|Forum
904|Album 3 of Alfonso Alvarez|1266275311907|Forum
206158431113|Album 4 of Alfonso Alvarez|1282425560982|Forum
68719477642|Album 5 of Alfonso Alvarez|1271706466186|Forum
343597384587|Album 6 of Alfonso Alvarez|1288654813102|Forum
68719477644|Album 7 of Alfonso Alvarez|1270785378051|Forum
206158431117|Album 8 of Alfonso Alvarez|1280043365075|Forum
910|Album 9 of Alfonso Alvarez|1266040439673|Forum
68719477647|Album 10 of Alfonso Alvarez|1272145704448|Forum
912|Album 11 of Alfonso Alvarez|1264112705971|Forum
913|Wall of Abdala Ndiaye|1266688958654|Forum
206158431122|Album 0 of Abdala Ndiaye|1281424447410|Forum
274877907859|Album 1 of Abdala Ndiaye|1282799382206|Forum
68719477652|Album 2 of Abdala Ndiaye|1271164037806|Forum
917|Album 3 of Abdala Ndiaye|1267193706446|Forum
206158431126|Album 4 of Abdala Ndiaye|1279618221630|Forum
274877907863|Album 5 of Abdala Ndiaye|1283195586089|Forum
343597384600|Album 6 of Abdala Ndiaye|1289079562508|Forum
343597384601|Album 7 of Abdala Ndiaye|1287856827367|Forum
343597384602|Album 8 of Abdala Ndiaye|1288058786120|Forum
274877907867|Album 9 of Abdala Ndiaye|1286791455301|Forum
68719477660|Wall of Fritz Engel|1267699370767|Forum
206158431133|Wall of Miguel Rodriguez|1280418271382|Forum
274877907870|Group for Abdullah_Ahmad_Badawi in Monterrey|1287318072246|Forum
274877907872|Group for Abdullah_Ahmad_Badawi in Monterrey|1284197006320|Forum
343597384609|Group for Abdullah_Ahmad_Badawi in Monterrey|1290017828090|Forum
274877907874|Album 0 of Miguel Rodriguez|1287333999775|Forum
343597384614|Album 4 of Miguel Rodriguez|1290599729562|Forum
274877907879|Wall of Anıl Arikan|1284609055050|Forum
274877907880|Wall of Angel Alonso|1287459937834|Forum
343597384617|Album 0 of Angel Alonso|1287887790697|Forum
343597384618|Album 1 of Angel Alonso|1290664138285|Forum
68719477675|Wall of Hans Johansson|1272216938712|Forum
274877907884|Album 0 of Hans Johansson|1286241691689|Forum
274877907885|Album 1 of Hans Johansson|1283702424484|Forum
274877907886|Album 2 of Hans Johansson|1282938692278|Forum
343597384623|Album 3 of Hans Johansson|1287965653777|Forum
206158431152|Album 4 of Hans Johansson|1279707897825|Forum
137438954417|Album 5 of Hans Johansson|1277003088792|Forum
343597384626|Album 6 of Hans Johansson|1289641969386|Forum
137438954420|Wall of Akira Yamamoto|1272986524825|Forum
206158431157|Album 0 of Akira Yamamoto|1279642263576|Forum
274877907894|Album 1 of Akira Yamamoto|1286552729849|Forum
137438954424|Album 3 of Akira Yamamoto|1274985697083|Forum
274877907897|Album 4 of Akira Yamamoto|1285452973808|Forum
343597384634|Album 5 of Akira Yamamoto|1290467466843|Forum
343597384635|Album 6 of Akira Yamamoto|1289386688094|Forum
343597384636|Album 7 of Akira Yamamoto|1287726337316|Forum
68719477693|Wall of Ashok Singh|1270140720928|Forum
206158431166|Wall of Kelvin Garcia|1278244799332|Forum
274877907903|Wall of Alfonso Rodriguez|1284516290164|Forum
343597384640|Album 0 of Alfonso Rodriguez|1287741315563|Forum
274877907905|Album 1 of Alfonso Rodriguez|1285140380561|Forum
