:ID(Place)|name|url|id:long|:LABEL
0|India|http://dbpedia.org/resource/India|0|Country
1|China|http://dbpedia.org/resource/China|1|Country
2|Angola|http://dbpedia.org/resource/Angola|2|Country
3|Austria|http://dbpedia.org/resource/Austria|3|Country
4|Azerbaijan|http://dbpedia.org/resource/Azerbaijan|4|Country
5|Bolivia|http://dbpedia.org/resource/Bolivia|5|Country
6|Bosnia_and_Herzegovina|http://dbpedia.org/resource/Bosnia_and_Herzegovina|6|Country
7|Bulgaria|http://dbpedia.org/resource/Bulgaria|7|Country
8|Chad|http://dbpedia.org/resource/Chad|8|Country
9|Croatia|http://dbpedia.org/resource/Croatia|9|Country
10|Denmark|http://dbpedia.org/resource/Denmark|10|Country
11|Dominican_Republic|http://dbpedia.org/resource/Dominican_Republic|11|Country
12|El_Salvador|http://dbpedia.org/resource/El_Salvador|12|Country
13|Estonia|http://dbpedia.org/resource/Estonia|13|Country
14|Finland|http://dbpedia.org/resource/Finland|14|Country
15|Honduras|http://dbpedia.org/resource/Honduras|15|Country
16|Hong_Kong|http://dbpedia.org/resource/Hong_Kong|16|Country
17|Israel|http://dbpedia.org/resource/Israel|17|Country
18|Jordan|http://dbpedia.org/resource/Jordan|18|Country
19|Laos|http://dbpedia.org/resource/Laos|19|Country
20|Latvia|http://dbpedia.org/resource/Latvia|20|Country
21|Liberia|http://dbpedia.org/resource/Liberia|21|Country
22|Libya|http://dbpedia.org/resource/Libya|22|Country
23|Lithuania|http://dbpedia.org/resource/Lithuania|23|Country
24|Malta|http://dbpedia.org/resource/Malta|24|Country
25|Mauritania|http://dbpedia.org/resource/Mauritania|25|Country
26|Mauritius|http://dbpedia.org/resource/Mauritius|26|Country
27|Mongolia|http://dbpedia.org/resource/Mongolia|27|Country
28|Namibia|http://dbpedia.org/resource/Namibia|28|Country
29|New_Zealand|http://dbpedia.org/resource/New_Zealand|29|Country
30|Nicaragua|http://dbpedia.org/resource/Nicaragua|30|Country
31|Northern_Ireland|http://dbpedia.org/resource/Northern_Ireland|31|Country
32|Norway|http://dbpedia.org/resource/Norway|32|Country
33|Oman|http://dbpedia.org/resource/Oman|33|Country
34|Panama|http://dbpedia.org/resource/Panama|34|Country
35|Papua_New_Guinea|http://dbpedia.org/resource/Papua_New_Guinea|35|Country
36|Puerto_Rico|http://dbpedia.org/resource/Puerto_Rico|36|Country
37|Republic_of_Ireland|http://dbpedia.org/resource/Republic_of_Ireland|37|Country
38|Republic_of_Macedonia|http://dbpedia.org/resource/Republic_of_Macedonia|38|Country
39|Rwanda|http://dbpedia.org/resource/Rwanda|39|Country
40|Scotland|http://dbpedia.org/resource/Scotland|40|Country
41|Singapore|http://dbpedia.org/resource/Singapore|41|Country
42|Slovakia|http://dbpedia.org/resource/Slovakia|42|Country
43|Slovenia|http://dbpedia.org/resource/Slovenia|43|Country
44|Swaziland|http://dbpedia.org/resource/Swaziland|44|Country
45|Switzerland|http://dbpedia.org/resource/Switzerland|45|Country
46|Tajikistan|http://dbpedia.org/resource/Tajikistan|46|Country
47|Uruguay|http://dbpedia.org/resource/Uruguay|47|Country
48|Wales|http://dbpedia.org/resource/Wales|48|Country
49|Brazil|http://dbpedia.org/resource/Brazil|49|Country
50|Germany|http://dbpedia.org/resource/Germany|50|Country
51|Indonesia|http://dbpedia.org/resource/Indonesia|51|Country
52|Japan|http://dbpedia.org/resource/Japan|52|Country
53|Mexico|http://dbpedia.org/resource/Mexico|53|Country
54|Pakistan|http://dbpedia.org/resource/Pakistan|54|Country
55|Philippines|http://dbpedia.org/resource/Philippines|55|Country
56|Russia|http://dbpedia.org/resource/Russia|56|Country
57|United_States|http://dbpedia.org/resource/United_States|57|Country
58|Vietnam|http://dbpedia.org/resource/Vietnam|58|Country
59|Afghanistan|http://dbpedia.org/resource/Afghanistan|59|Country
60|Algeria|http://dbpedia.org/resource/Algeria|60|Country
61|Argentina|http://dbpedia.org/resource/Argentina|61|Country
62|Australia|http://dbpedia.org/resource/Australia|62|Country
63|Belarus|http://dbpedia.org/resource/Belarus|63|Country
64|Belgium|http://dbpedia.org/resource/Belgium|64|Country
65|Burma|http://dbpedia.org/resource/Burma|65|Country
66|Canada|http://dbpedia.org/resource/Canada|66|Country
67|Cambodia|http://dbpedia.org/resource/Cambodia|67|Country
68|Cameroon|http://dbpedia.org/resource/Cameroon|68|Country
69|Chile|http://dbpedia.org/resource/Chile|69|Country
70|Colombia|http://dbpedia.org/resource/Colombia|70|Country
71|Cuba|http://dbpedia.org/resource/Cuba|71|Country
72|Czech_Republic|http://dbpedia.org/resource/Czech_Republic|72|Country
73|Democratic_Republic_of_the_Congo|http://dbpedia.org/resource/Democratic_Republic_of_the_Congo|73|Country
74|Egypt|http://dbpedia.org/resource/Egypt|74|Country
75|England|http://dbpedia.org/resource/England|75|Country
76|Ethiopia|http://dbpedia.org/resource/Ethiopia|76|Country
77|France|http://dbpedia.org/resource/France|77|Country
78|Greece|http://dbpedia.org/resource/Greece|78|Country
79|Hungary|http://dbpedia.org/resource/Hungary|79|Country
80|Iran|http://dbpedia.org/resource/Iran|80|Country
81|Italy|http://dbpedia.org/resource/Italy|81|Country
82|Kazakhstan|http://dbpedia.org/resource/Kazakhstan|82|Country
83|Kenya|http://dbpedia.org/resource/Kenya|83|Country
84|Madagascar|http://dbpedia.org/resource/Madagascar|84|Country
85|Malaysia|http://dbpedia.org/resource/Malaysia|85|Country
86|Moldova|http://dbpedia.org/resource/Moldova|86|Country
87|Morocco|http://dbpedia.org/resource/Morocco|87|Country
88|Nepal|http://dbpedia.org/resource/Nepal|88|Country
89|Netherlands|http://dbpedia.org/resource/Netherlands|89|Country
90|Niger|http://dbpedia.org/resource/Niger|90|Country
91|Peru|http://dbpedia.org/resource/Peru|91|Country
92|Poland|http://dbpedia.org/resource/Poland|92|Country
93|Portugal|http://dbpedia.org/resource/Portugal|93|Country
94|Taiwan|http://dbpedia.org/resource/Taiwan|94|Country
95|Romania|http://dbpedia.org/resource/Romania|95|Country
96|Senegal|http://dbpedia.org/resource/Senegal|96|Country
97|South_Africa|http://dbpedia.org/resource/South_Africa|97|Country
98|South_Korea|http://dbpedia.org/resource/South_Korea|98|Country
99|Spain|http://dbpedia.org/resource/Spain|99|Country
100|Sri_Lanka|http://dbpedia.org/resource/Sri_Lanka|100|Country
101|Sweden|http://dbpedia.org/resource/Sweden|101|Country
102|Tanzania|http://dbpedia.org/resource/Tanzania|102|Country
103|Thailand|http://dbpedia.org/resource/Thailand|103|Country
104|Tunisia|http://dbpedia.org/resource/Tunisia|104|Country
105|Turkey|http://dbpedia.org/resource/Turkey|105|Country
106|Ukraine|http://dbpedia.org/resource/Ukraine|106|Country
107|United_Kingdom|http://dbpedia.org/resource/United_Kingdom|107|Country
108|Venezuela|http://dbpedia.org/resource/Venezuela|108|Country
109|Yemen|http://dbpedia.org/resource/Yemen|109|Country
110|Zambia|http://dbpedia.org/resource/Zambia|110|Country
111|Pondicherry|http://dbpedia.org/resource/Pondicherry|111|City
112|Rewari|http://dbpedia.org/resource/Rewari|112|City
113|Mysore|http://dbpedia.org/resource/Mysore|113|City
114|Thane|http://dbpedia.org/resource/Thane|114|City
115|Shibpur|http://dbpedia.org/resource/Shibpur|115|City
116|Rohtak|http://dbpedia.org/resource/Rohtak|116|City
117|Jiaganj_Azimganj|http://dbpedia.org/resource/Jiaganj_Azimganj|117|City
118|Andhra_Pradesh|http://dbpedia.org/resource/Andhra_Pradesh|118|City
119|Shillong|http://dbpedia.org/resource/Shillong|119|City
120|Baharampur|http://dbpedia.org/resource/Baharampur|120|City
121|Bhopal|http://dbpedia.org/resource/Bhopal|121|City
122|Tezpur|http://dbpedia.org/resource/Tezpur|122|City
123|Rourkela|http://dbpedia.org/resource/Rourkela|123|City
124|Chennai|http://dbpedia.org/resource/Chennai|124|City
125|Noida|http://dbpedia.org/resource/Noida|125|City
126|Jammu|http://dbpedia.org/resource/Jammu|126|City
127|Kalyani|http://dbpedia.org/resource/Kalyani|127|City
128|Delhi|http://dbpedia.org/resource/Delhi|128|City
129|Gobichettipalayam|http://dbpedia.org/resource/Gobichettipalayam|129|City
130|Kochi|http://dbpedia.org/resource/Kochi|130|City
131|Srinagar|http://dbpedia.org/resource/Srinagar|131|City
132|Ahmedabad|http://dbpedia.org/resource/Ahmedabad|132|City
133|Pune|http://dbpedia.org/resource/Pune|133|City
134|Haldia|http://dbpedia.org/resource/Haldia|134|City
135|Nagpur|http://dbpedia.org/resource/Nagpur|135|City
136|Kakinada|http://dbpedia.org/resource/Kakinada|136|City
137|Berhampur|http://dbpedia.org/resource/Berhampur|137|City
138|Darbhanga|http://dbpedia.org/resource/Darbhanga|138|City
139|Thirthahalli|http://dbpedia.org/resource/Thirthahalli|139|City
140|Bikaner|http://dbpedia.org/resource/Bikaner|140|City
141|Vellore|http://dbpedia.org/resource/Vellore|141|City
142|Surat|http://dbpedia.org/resource/Surat|142|City
143|Anantapur|http://dbpedia.org/resource/Anantapur|143|City
144|Cooch_Behar|http://dbpedia.org/resource/Cooch_Behar|144|City
145|Hubli|http://dbpedia.org/resource/Hubli|145|City
146|Hamirpur|http://dbpedia.org/resource/Hamirpur|146|City
147|Kanpur|http://dbpedia.org/resource/Kanpur|147|City
148|Tiruchirappalli|http://dbpedia.org/resource/Tiruchirappalli|148|City
149|Ujjain|http://dbpedia.org/resource/Ujjain|149|City
150|Visakhapatnam|http://dbpedia.org/resource/Visakhapatnam|150|City
151|Gandhinagar|http://dbpedia.org/resource/Gandhinagar|151|City
152|Kannur|http://dbpedia.org/resource/Kannur|152|City
153|Agra|http://dbpedia.org/resource/Agra|153|City
154|Loni|http://dbpedia.org/resource/Loni|154|City
155|Jind|http://dbpedia.org/resource/Jind|155|City
156|Durgapur|http://dbpedia.org/resource/Durgapur|156|City
157|Sangrur|http://dbpedia.org/resource/Sangrur|157|City
158|Raichur|http://dbpedia.org/resource/Raichur|158|City
159|Bardhaman|http://dbpedia.org/resource/Bardhaman|159|City
160|Moga|http://dbpedia.org/resource/Moga|160|City
161|Amritsar|http://dbpedia.org/resource/Amritsar|161|City
162|Srikakulam|http://dbpedia.org/resource/Srikakulam|162|City
163|Anantapur_district|http://dbpedia.org/resource/Anantapur_district|163|City
164|Kolkata|http://dbpedia.org/resource/Kolkata|164|City
165|Orissa|http://dbpedia.org/resource/Orissa|165|City
166|Kalady|http://dbpedia.org/resource/Kalady|166|City
167|Coimbatore|http://dbpedia.org/resource/Coimbatore|167|City
168|Gurgaon|http://dbpedia.org/resource/Gurgaon|168|City
169|Purulia|http://dbpedia.org/resource/Purulia|169|City
170|Kodambakkam|http://dbpedia.org/resource/Kodambakkam|170|City
171|Jodhpur|http://dbpedia.org/resource/Jodhpur|171|City
172|Mahishadal|http://dbpedia.org/resource/Mahishadal|172|City
173|Kurukshetra|http://dbpedia.org/resource/Kurukshetra|173|City
174|Meerut|http://dbpedia.org/resource/Meerut|174|City
175|Faizabad|http://dbpedia.org/resource/Faizabad|175|City
176|Bangalore|http://dbpedia.org/resource/Bangalore|176|City
177|Kota|http://dbpedia.org/resource/Kota|177|City
178|Lucknow|http://dbpedia.org/resource/Lucknow|178|City
179|Kalimpong|http://dbpedia.org/resource/Kalimpong|179|City
180|Cuttack|http://dbpedia.org/resource/Cuttack|180|City
181|Alappuzha|http://dbpedia.org/resource/Alappuzha|181|City
182|Davangere|http://dbpedia.org/resource/Davangere|182|City
183|Siliguri|http://dbpedia.org/resource/Siliguri|183|City
184|Bidar|http://dbpedia.org/resource/Bidar|184|City
185|Puttur|http://dbpedia.org/resource/Puttur|185|City
186|Maharashtra|http://dbpedia.org/resource/Maharashtra|186|City
187|Kolhapur|http://dbpedia.org/resource/Kolhapur|187|City
188|Habra|http://dbpedia.org/resource/Habra|188|City
189|Bihar|http://dbpedia.org/resource/Bihar|189|City
190|Hyderabad|http://dbpedia.org/resource/Hyderabad|190|City
191|Kadapa|http://dbpedia.org/resource/Kadapa|191|City
192|Bhilai|http://dbpedia.org/resource/Bhilai|192|City
193|Tirunelveli|http://dbpedia.org/resource/Tirunelveli|193|City
194|Moradabad|http://dbpedia.org/resource/Moradabad|194|City
195|Tiruvallur_district|http://dbpedia.org/resource/Tiruvallur_district|195|City
196|Nashik|http://dbpedia.org/resource/Nashik|196|City
197|Anand|http://dbpedia.org/resource/Anand|197|City
198|Sion|http://dbpedia.org/resource/Sion|198|City
199|Aizawl|http://dbpedia.org/resource/Aizawl|199|City
200|Jhansi|http://dbpedia.org/resource/Jhansi|200|City
201|Serampore|http://dbpedia.org/resource/Serampore|201|City
202|Asansol|http://dbpedia.org/resource/Asansol|202|City
203|Varanasi|http://dbpedia.org/resource/Varanasi|203|City
204|Navi_Mumbai|http://dbpedia.org/resource/Navi_Mumbai|204|City
205|Vadodara|http://dbpedia.org/resource/Vadodara|205|City
206|Patna|http://dbpedia.org/resource/Patna|206|City
207|Jajapur|http://dbpedia.org/resource/Jajapur|207|City
208|Bareilly|http://dbpedia.org/resource/Bareilly|208|City
209|Tamil_Nadu|http://dbpedia.org/resource/Tamil_Nadu|209|City
210|Ranchi|http://dbpedia.org/resource/Ranchi|210|City
211|Gulbarga|http://dbpedia.org/resource/Gulbarga|211|City
212|Erode|http://dbpedia.org/resource/Erode|212|City
213|Arambag|http://dbpedia.org/resource/Arambag|213|City
214|Howrah|http://dbpedia.org/resource/Howrah|214|City
215|Jaipur|http://dbpedia.org/resource/Jaipur|215|City
216|Kasaragod|http://dbpedia.org/resource/Kasaragod|216|City
217|Vallabh_Vidhyanagar|http://dbpedia.org/resource/Vallabh_Vidhyanagar|217|City
218|Suri|http://dbpedia.org/resource/Suri|218|City
219|Assam|http://dbpedia.org/resource/Assam|219|City
220|Greater_Noida|http://dbpedia.org/resource/Greater_Noida|220|City
221|Jorhat|http://dbpedia.org/resource/Jorhat|221|City
222|Allahabad|http://dbpedia.org/resource/Allahabad|222|City
223|Rajasthan|http://dbpedia.org/resource/Rajasthan|223|City
224|Aurangabad|http://dbpedia.org/resource/Aurangabad|224|City
225|Hisar|http://dbpedia.org/resource/Hisar|225|City
226|Haldwani|http://dbpedia.org/resource/Haldwani|226|City
227|Dum_Dum|http://dbpedia.org/resource/Dum_Dum|227|City
228|Vijayawada|http://dbpedia.org/resource/Vijayawada|228|City
229|Solapur|http://dbpedia.org/resource/Solapur|229|City
230|Malappuram|http://dbpedia.org/resource/Malappuram|230|City
231|Thanjavur|http://dbpedia.org/resource/Thanjavur|231|City
232|Dharwad|http://dbpedia.org/resource/Dharwad|232|City
233|Nalgonda|http://dbpedia.org/resource/Nalgonda|233|City
234|English_Bazar|http://dbpedia.org/resource/English_Bazar|234|City
235|Bankura|http://dbpedia.org/resource/Bankura|235|City
236|Belgaum|http://dbpedia.org/resource/Belgaum|236|City
237|Namakkal|http://dbpedia.org/resource/Namakkal|237|City
238|Balasore|http://dbpedia.org/resource/Balasore|238|City
239|Palayamkottai|http://dbpedia.org/resource/Palayamkottai|239|City
240|Chetpet|http://dbpedia.org/resource/Chetpet|240|City
241|Mangalore|http://dbpedia.org/resource/Mangalore|241|City
242|Nellore|http://dbpedia.org/resource/Nellore|242|City
243|Patiala|http://dbpedia.org/resource/Patiala|243|City
244|Madurai|http://dbpedia.org/resource/Madurai|244|City
245|Karaikudi|http://dbpedia.org/resource/Karaikudi|245|City
246|Karnataka|http://dbpedia.org/resource/Karnataka|246|City
247|Bahadurgarh|http://dbpedia.org/resource/Bahadurgarh|247|City
248|Silchar|http://dbpedia.org/resource/Silchar|248|City
249|Kandivali|http://dbpedia.org/resource/Kandivali|249|City
250|Ghaziabad|http://dbpedia.org/resource/Ghaziabad|250|City
251|Rajahmundry|http://dbpedia.org/resource/Rajahmundry|251|City
252|Dehradun|http://dbpedia.org/resource/Dehradun|252|City
253|Kozhikode|http://dbpedia.org/resource/Kozhikode|253|City
254|Salem|http://dbpedia.org/resource/Salem|254|City
255|Barasat|http://dbpedia.org/resource/Barasat|255|City
256|Guwahati|http://dbpedia.org/resource/Guwahati|256|City
257|Shimoga|http://dbpedia.org/resource/Shimoga|257|City
258|Kollam|http://dbpedia.org/resource/Kollam|258|City
259|Krishnanagar|http://dbpedia.org/resource/Krishnanagar|259|City
260|Ernakulam|http://dbpedia.org/resource/Ernakulam|260|City
261|Mumbai|http://dbpedia.org/resource/Mumbai|261|City
262|Talcher|http://dbpedia.org/resource/Talcher|262|City
263|Warangal|http://dbpedia.org/resource/Warangal|263|City
264|Goa|http://dbpedia.org/resource/Goa|264|City
265|Ajmer|http://dbpedia.org/resource/Ajmer|265|City
266|Raipur|http://dbpedia.org/resource/Raipur|266|City
267|Kerala|http://dbpedia.org/resource/Kerala|267|City
268|Jalpaiguri|http://dbpedia.org/resource/Jalpaiguri|268|City
269|Brahmavar|http://dbpedia.org/resource/Brahmavar|269|City
270|Manipal|http://dbpedia.org/resource/Manipal|270|City
271|Udaipur|http://dbpedia.org/resource/Udaipur|271|City
272|Tiruvallur|http://dbpedia.org/resource/Tiruvallur|272|City
273|Dhenkanal|http://dbpedia.org/resource/Dhenkanal|273|City
274|Thrissur|http://dbpedia.org/resource/Thrissur|274|City
275|Bandra|http://dbpedia.org/resource/Bandra|275|City
276|Chandigarh|http://dbpedia.org/resource/Chandigarh|276|City
277|Munsirhat|http://dbpedia.org/resource/Munsirhat|277|City
278|Tirupati|http://dbpedia.org/resource/Tirupati|278|City
279|Midnapore|http://dbpedia.org/resource/Midnapore|279|City
280|Poonamallee|http://dbpedia.org/resource/Poonamallee|280|City
281|Nalanda|http://dbpedia.org/resource/Nalanda|281|City
282|Jabalpur|http://dbpedia.org/resource/Jabalpur|282|City
283|Faridabad|http://dbpedia.org/resource/Faridabad|283|City
284|Rupnagar|http://dbpedia.org/resource/Rupnagar|284|City
285|Guntur|http://dbpedia.org/resource/Guntur|285|City
286|Kottayam|http://dbpedia.org/resource/Kottayam|286|City
287|Bhubaneswar|http://dbpedia.org/resource/Bhubaneswar|287|City
288|Fatehgarh_Sahib|http://dbpedia.org/resource/Fatehgarh_Sahib|288|City
289|Barrackpore|http://dbpedia.org/resource/Barrackpore|289|City
290|Gaya|http://dbpedia.org/resource/Gaya|290|City
291|Kashipur|http://dbpedia.org/resource/Kashipur|291|City
292|Gangtok|http://dbpedia.org/resource/Gangtok|292|City
293|Nerul|http://dbpedia.org/resource/Nerul|293|City
294|Bilaspur|http://dbpedia.org/resource/Bilaspur|294|City
295|Thiruchendur|http://dbpedia.org/resource/Thiruchendur|295|City
296|Gwalior|http://dbpedia.org/resource/Gwalior|296|City
297|Gujarat|http://dbpedia.org/resource/Gujarat|297|City
298|Indore|http://dbpedia.org/resource/Indore|298|City
299|Palakkad|http://dbpedia.org/resource/Palakkad|299|City
300|New_Delhi|http://dbpedia.org/resource/New_Delhi|300|City
301|Secunderabad|http://dbpedia.org/resource/Secunderabad|301|City
302|Durg|http://dbpedia.org/resource/Durg|302|City
303|Raniganj|http://dbpedia.org/resource/Raniganj|303|City
304|Thiruvananthapuram|http://dbpedia.org/resource/Thiruvananthapuram|304|City
305|Jamshedpur|http://dbpedia.org/resource/Jamshedpur|305|City
306|Bhagalpur|http://dbpedia.org/resource/Bhagalpur|306|City
307|Aligarh|http://dbpedia.org/resource/Aligarh|307|City
308|Sambalpur|http://dbpedia.org/resource/Sambalpur|308|City
309|Latur|http://dbpedia.org/resource/Latur|309|City
310|Zhengzhou|http://dbpedia.org/resource/Zhengzhou|310|City
311|Chishui|http://dbpedia.org/resource/Chishui|311|City
312|Donggang|http://dbpedia.org/resource/Donggang|312|City
313|Dandong|http://dbpedia.org/resource/Dandong|313|City
314|Chaohu|http://dbpedia.org/resource/Chaohu|314|City
315|Changji|http://dbpedia.org/resource/Changji|315|City
316|Bayannur|http://dbpedia.org/resource/Bayannur|316|City
317|Zhangzhou|http://dbpedia.org/resource/Zhangzhou|317|City
318|Huanggang|http://dbpedia.org/resource/Huanggang|318|City
319|Genhe|http://dbpedia.org/resource/Genhe|319|City
320|Baicheng|http://dbpedia.org/resource/Baicheng|320|City
321|Shenzhen|http://dbpedia.org/resource/Shenzhen|321|City
322|Deyang|http://dbpedia.org/resource/Deyang|322|City
323|Baiyin|http://dbpedia.org/resource/Baiyin|323|City
324|Bole|http://dbpedia.org/resource/Bole|324|City
325|Xi'an|http://dbpedia.org/resource/Xi'an|325|City
326|Ezhou|http://dbpedia.org/resource/Ezhou|326|City
327|Baoshan|http://dbpedia.org/resource/Baoshan|327|City
328|Baotou|http://dbpedia.org/resource/Baotou|328|City
329|Danyang|http://dbpedia.org/resource/Danyang|329|City
330|Changzhi|http://dbpedia.org/resource/Changzhi|330|City
331|Yueyang|http://dbpedia.org/resource/Yueyang|331|City
332|Diaobingshan|http://dbpedia.org/resource/Diaobingshan|332|City
333|Fuyang|http://dbpedia.org/resource/Fuyang|333|City
334|Dingxi|http://dbpedia.org/resource/Dingxi|334|City
335|Dunhuang|http://dbpedia.org/resource/Dunhuang|335|City
336|Nanning|http://dbpedia.org/resource/Nanning|336|City
337|Altay|http://dbpedia.org/resource/Altay|337|City
338|Fuqing|http://dbpedia.org/resource/Fuqing|338|City
339|Bei'an|http://dbpedia.org/resource/Bei'an|339|City
340|Anguo|http://dbpedia.org/resource/Anguo|340|City
341|Beihai|http://dbpedia.org/resource/Beihai|341|City
342|Daye|http://dbpedia.org/resource/Daye|342|City
343|Xinzheng|http://dbpedia.org/resource/Xinzheng|343|City
344|Harbin|http://dbpedia.org/resource/Harbin|344|City
345|Anshan|http://dbpedia.org/resource/Anshan|345|City
346|Duyun|http://dbpedia.org/resource/Duyun|346|City
347|Dongtai|http://dbpedia.org/resource/Dongtai|347|City
348|Xinxiang|http://dbpedia.org/resource/Xinxiang|348|City
349|Macau|http://dbpedia.org/resource/Macau|349|City
350|Da'an|http://dbpedia.org/resource/Da'an|350|City
351|Shenyang|http://dbpedia.org/resource/Shenyang|351|City
352|Dengta|http://dbpedia.org/resource/Dengta|352|City
353|Bijie|http://dbpedia.org/resource/Bijie|353|City
354|Aral|http://dbpedia.org/resource/Aral|354|City
355|Fujin|http://dbpedia.org/resource/Fujin|355|City
356|Chuzhou|http://dbpedia.org/resource/Chuzhou|356|City
357|Cenxi|http://dbpedia.org/resource/Cenxi|357|City
358|Songjiang_District|http://dbpedia.org/resource/Songjiang_District|358|City
359|Benxi|http://dbpedia.org/resource/Benxi|359|City
360|Datong|http://dbpedia.org/resource/Datong|360|City
361|Changde|http://dbpedia.org/resource/Changde|361|City
362|Bazhong|http://dbpedia.org/resource/Bazhong|362|City
363|Guilin|http://dbpedia.org/resource/Guilin|363|City
364|Mbabane|http://dbpedia.org/resource/Mbabane|364|City
365|Gaocheng|http://dbpedia.org/resource/Gaocheng|365|City
366|Anshun|http://dbpedia.org/resource/Anshun|366|City
367|Baise|http://dbpedia.org/resource/Baise|367|City
368|Dujiangyan|http://dbpedia.org/resource/Dujiangyan|368|City
369|Fangchenggang|http://dbpedia.org/resource/Fangchenggang|369|City
370|Erenhot|http://dbpedia.org/resource/Erenhot|370|City
371|Baoding|http://dbpedia.org/resource/Baoding|371|City
372|Ergun|http://dbpedia.org/resource/Ergun|372|City
373|Dunhua|http://dbpedia.org/resource/Dunhua|373|City
374|Gaoping|http://dbpedia.org/resource/Gaoping|374|City
375|Guangzhou|http://dbpedia.org/resource/Guangzhou|375|City
376|Hefei|http://dbpedia.org/resource/Hefei|376|City
377|Changle|http://dbpedia.org/resource/Changle|377|City
378|Luoyang|http://dbpedia.org/resource/Luoyang|378|City
379|Beipiao|http://dbpedia.org/resource/Beipiao|379|City
380|Dezhou|http://dbpedia.org/resource/Dezhou|380|City
381|Chongzuo|http://dbpedia.org/resource/Chongzuo|381|City
382|Baoji|http://dbpedia.org/resource/Baoji|382|City
383|Chenzhou|http://dbpedia.org/resource/Chenzhou|383|City
384|Pudong|http://dbpedia.org/resource/Pudong|384|City
385|Shijiazhuang|http://dbpedia.org/resource/Shijiazhuang|385|City
386|Hangzhou|http://dbpedia.org/resource/Hangzhou|386|City
387|Fuzhou|http://dbpedia.org/resource/Fuzhou|387|City
388|Changzhou|http://dbpedia.org/resource/Changzhou|388|City
389|Taiyuan|http://dbpedia.org/resource/Taiyuan|389|City
390|Foshan|http://dbpedia.org/resource/Foshan|390|City
391|Ankang|http://dbpedia.org/resource/Ankang|391|City
392|Gejiu|http://dbpedia.org/resource/Gejiu|392|City
393|Dongyang|http://dbpedia.org/resource/Dongyang|393|City
394|Anning|http://dbpedia.org/resource/Anning|394|City
395|Dexing|http://dbpedia.org/resource/Dexing|395|City
396|Zhuhai|http://dbpedia.org/resource/Zhuhai|396|City
397|Gaomi|http://dbpedia.org/resource/Gaomi|397|City
398|Ürümqi|http://dbpedia.org/resource/Ürümqi|398|City
399|Beiliu|http://dbpedia.org/resource/Beiliu|399|City
400|Fuquan|http://dbpedia.org/resource/Fuquan|400|City
401|Chaozhou|http://dbpedia.org/resource/Chaozhou|401|City
402|Conghua|http://dbpedia.org/resource/Conghua|402|City
403|Dangyang|http://dbpedia.org/resource/Dangyang|403|City
404|Fukang|http://dbpedia.org/resource/Fukang|404|City
405|Chaoyang|http://dbpedia.org/resource/Chaoyang|405|City
406|Fuxin|http://dbpedia.org/resource/Fuxin|406|City
407|Changyi|http://dbpedia.org/resource/Changyi|407|City
408|Chongzhou|http://dbpedia.org/resource/Chongzhou|408|City
409|Enping|http://dbpedia.org/resource/Enping|409|City
410|Dehui|http://dbpedia.org/resource/Dehui|410|City
411|Quanzhou|http://dbpedia.org/resource/Quanzhou|411|City
412|Emeishan|http://dbpedia.org/resource/Emeishan|412|City
413|Anqiu|http://dbpedia.org/resource/Anqiu|413|City
414|Beitun|http://dbpedia.org/resource/Beitun|414|City
415|Changning|http://dbpedia.org/resource/Changning|415|City
416|Gaizhou|http://dbpedia.org/resource/Gaizhou|416|City
417|Dongguan|http://dbpedia.org/resource/Dongguan|417|City
418|Lanzhou|http://dbpedia.org/resource/Lanzhou|418|City
419|Beibei_District|http://dbpedia.org/resource/Beibei_District|419|City
420|Shantou|http://dbpedia.org/resource/Shantou|420|City
421|Dazhou|http://dbpedia.org/resource/Dazhou|421|City
422|Feicheng|http://dbpedia.org/resource/Feicheng|422|City
423|Yantai|http://dbpedia.org/resource/Yantai|423|City
424|Gaoyao|http://dbpedia.org/resource/Gaoyao|424|City
425|Dali|http://dbpedia.org/resource/Dali|425|City
426|Kunming|http://dbpedia.org/resource/Kunming|426|City
427|Fu'an|http://dbpedia.org/resource/Fu'an|427|City
428|Brooklyn|http://dbpedia.org/resource/Brooklyn|428|City
429|Botou|http://dbpedia.org/resource/Botou|429|City
430|Danzhou|http://dbpedia.org/resource/Danzhou|430|City
431|Bozhou|http://dbpedia.org/resource/Bozhou|431|City
432|Danjiangkou|http://dbpedia.org/resource/Danjiangkou|432|City
433|Nanchang|http://dbpedia.org/resource/Nanchang|433|City
434|Baishan|http://dbpedia.org/resource/Baishan|434|City
435|Gaozhou|http://dbpedia.org/resource/Gaozhou|435|City
436|Anda|http://dbpedia.org/resource/Anda|436|City
437|Arxan|http://dbpedia.org/resource/Arxan|437|City
438|Changge|http://dbpedia.org/resource/Changge|438|City
439|Changshu|http://dbpedia.org/resource/Changshu|439|City
440|Nan'an_District|http://dbpedia.org/resource/Nan'an_District|440|City
441|Nanchong|http://dbpedia.org/resource/Nanchong|441|City
442|Putian|http://dbpedia.org/resource/Putian|442|City
443|Dafeng|http://dbpedia.org/resource/Dafeng|443|City
444|Dongfang|http://dbpedia.org/resource/Dongfang|444|City
445|Chizhou|http://dbpedia.org/resource/Chizhou|445|City
446|Beijing|http://dbpedia.org/resource/Beijing|446|City
447|Haidian_District|http://dbpedia.org/resource/Haidian_District|447|City
448|Cixi|http://dbpedia.org/resource/Cixi|448|City
449|Xiangtan|http://dbpedia.org/resource/Xiangtan|449|City
450|Dongying|http://dbpedia.org/resource/Dongying|450|City
451|Fenyang|http://dbpedia.org/resource/Fenyang|451|City
452|Hengyang|http://dbpedia.org/resource/Hengyang|452|City
453|Anlu|http://dbpedia.org/resource/Anlu|453|City
454|Shihezi|http://dbpedia.org/resource/Shihezi|454|City
455|Golmud|http://dbpedia.org/resource/Golmud|455|City
456|Fuyu|http://dbpedia.org/resource/Fuyu|456|City
457|Gaobeidian|http://dbpedia.org/resource/Gaobeidian|457|City
458|Tianjin|http://dbpedia.org/resource/Tianjin|458|City
459|Shanghai|http://dbpedia.org/resource/Shanghai|459|City
460|Beizhen|http://dbpedia.org/resource/Beizhen|460|City
461|Cangzhou|http://dbpedia.org/resource/Cangzhou|461|City
462|Fuzhou,|http://dbpedia.org/resource/Fuzhou,|462|City
463|Fengcheng,|http://dbpedia.org/resource/Fengcheng,|463|City
464|Chibi|http://dbpedia.org/resource/Chibi|464|City
465|Fengzhen|http://dbpedia.org/resource/Fengzhen|465|City
466|Chuxiong|http://dbpedia.org/resource/Chuxiong|466|City
467|Qiqihar|http://dbpedia.org/resource/Qiqihar|467|City
468|Alashankou|http://dbpedia.org/resource/Alashankou|468|City
469|Huainan|http://dbpedia.org/resource/Huainan|469|City
470|Ma'anshan|http://dbpedia.org/resource/Ma'anshan|470|City
471|Changchun|http://dbpedia.org/resource/Changchun|471|City
472|Wuhan|http://dbpedia.org/resource/Wuhan|472|City
473|Gaoyou|http://dbpedia.org/resource/Gaoyou|473|City
474|Yinchuan|http://dbpedia.org/resource/Yinchuan|474|City
475|Fushun|http://dbpedia.org/resource/Fushun|475|City
476|Dongxing|http://dbpedia.org/resource/Dongxing|476|City
477|Chifeng|http://dbpedia.org/resource/Chifeng|477|City
478|Qingdao|http://dbpedia.org/resource/Qingdao|478|City
479|Chongqing|http://dbpedia.org/resource/Chongqing|479|City
480|Fuding|http://dbpedia.org/resource/Fuding|480|City
481|Dengzhou|http://dbpedia.org/resource/Dengzhou|481|City
482|Gongyi|http://dbpedia.org/resource/Gongyi|482|City
483|Dengfeng|http://dbpedia.org/resource/Dengfeng|483|City
484|Daqing|http://dbpedia.org/resource/Daqing|484|City
485|Changsha|http://dbpedia.org/resource/Changsha|485|City
486|Anqing|http://dbpedia.org/resource/Anqing|486|City
487|Bazhou|http://dbpedia.org/resource/Bazhou|487|City
488|Dingzhou|http://dbpedia.org/resource/Dingzhou|488|City
489|Suzhou|http://dbpedia.org/resource/Suzhou|489|City
490|Fuling_District|http://dbpedia.org/resource/Fuling_District|490|City
491|Anyang|http://dbpedia.org/resource/Anyang|491|City
492|Dalian|http://dbpedia.org/resource/Dalian|492|City
493|Enshi|http://dbpedia.org/resource/Enshi|493|City
494|Chengdu|http://dbpedia.org/resource/Chengdu|494|City
495|Binzhou|http://dbpedia.org/resource/Binzhou|495|City
496|Fuyang,|http://dbpedia.org/resource/Fuyang,|496|City
497|Jinan|http://dbpedia.org/resource/Jinan|497|City
498|Nanjing|http://dbpedia.org/resource/Nanjing|498|City
499|Bengbu|http://dbpedia.org/resource/Bengbu|499|City
500|Ganzhou|http://dbpedia.org/resource/Ganzhou|500|City
501|Chengde|http://dbpedia.org/resource/Chengde|501|City
502|Kowloon|http://dbpedia.org/resource/Kowloon|502|City
503|Fenghua|http://dbpedia.org/resource/Fenghua|503|City
504|Gao'an|http://dbpedia.org/resource/Gao'an|504|City
505|Artux|http://dbpedia.org/resource/Artux|505|City
506|Dashiqiao|http://dbpedia.org/resource/Dashiqiao|506|City
507|Shanxi|http://dbpedia.org/resource/Shanxi|507|City
508|Luanda|http://dbpedia.org/resource/Luanda|508|City
509|Vienna|http://dbpedia.org/resource/Vienna|509|City
510|Baku|http://dbpedia.org/resource/Baku|510|City
511|Carmen_Pampa|http://dbpedia.org/resource/Carmen_Pampa|511|City
512|Sarajevo|http://dbpedia.org/resource/Sarajevo|512|City
513|Sofia|http://dbpedia.org/resource/Sofia|513|City
514|ChadCity|http://dbpedia.org/resource/ChadCity|514|City
515|Zagreb|http://dbpedia.org/resource/Zagreb|515|City
516|Copenhagen|http://dbpedia.org/resource/Copenhagen|516|City
517|Santo_Domingo|http://dbpedia.org/resource/Santo_Domingo|517|City
518|San_Salvador|http://dbpedia.org/resource/San_Salvador|518|City
519|Tallinn|http://dbpedia.org/resource/Tallinn|519|City
520|Helsinki|http://dbpedia.org/resource/Helsinki|520|City
521|Tegucigalpa|http://dbpedia.org/resource/Tegucigalpa|521|City
522|Ma_Liu_Shui|http://dbpedia.org/resource/Ma_Liu_Shui|522|City
523|Jerusalem|http://dbpedia.org/resource/Jerusalem|523|City
524|Amman|http://dbpedia.org/resource/Amman|524|City
525|Vientiane|http://dbpedia.org/resource/Vientiane|525|City
526|Riga|http://dbpedia.org/resource/Riga|526|City
527|Monrovia|http://dbpedia.org/resource/Monrovia|527|City
528|Benghazi|http://dbpedia.org/resource/Benghazi|528|City
529|Vilnius|http://dbpedia.org/resource/Vilnius|529|City
530|San_Gwann|http://dbpedia.org/resource/San_Gwann|530|City
531|Nouakchott|http://dbpedia.org/resource/Nouakchott|531|City
532|Moka|http://dbpedia.org/resource/Moka|532|City
533|Ulan_Bator|http://dbpedia.org/resource/Ulan_Bator|533|City
534|Windhoek|http://dbpedia.org/resource/Windhoek|534|City
535|Auckland|http://dbpedia.org/resource/Auckland|535|City
536|Managua|http://dbpedia.org/resource/Managua|536|City
537|Belfast|http://dbpedia.org/resource/Belfast|537|City
538|Oslo|http://dbpedia.org/resource/Oslo|538|City
539|Muscat|http://dbpedia.org/resource/Muscat|539|City
540|Panama_City|http://dbpedia.org/resource/Panama_City|540|City
541|Port_Moresby|http://dbpedia.org/resource/Port_Moresby|541|City
542|Ponce|http://dbpedia.org/resource/Ponce|542|City
543|Dublin|http://dbpedia.org/resource/Dublin|543|City
544|Skopje|http://dbpedia.org/resource/Skopje|544|City
545|Butare|http://dbpedia.org/resource/Butare|545|City
546|Glasgow|http://dbpedia.org/resource/Glasgow|546|City
547|SingaporeCity|http://dbpedia.org/resource/SingaporeCity|547|City
548|Bratislava|http://dbpedia.org/resource/Bratislava|548|City
549|Ljubljana|http://dbpedia.org/resource/Ljubljana|549|City
550|Kwaluseni|http://dbpedia.org/resource/Kwaluseni|550|City
551|Geneva|http://dbpedia.org/resource/Geneva|551|City
552|Dushanbe|http://dbpedia.org/resource/Dushanbe|552|City
553|Montevideo|http://dbpedia.org/resource/Montevideo|553|City
554|Swansea|http://dbpedia.org/resource/Swansea|554|City
555|Guanhães|http://dbpedia.org/resource/Guanhães|555|City
556|Santos|http://dbpedia.org/resource/Santos|556|City
557|São_Luís|http://dbpedia.org/resource/São_Luís|557|City
558|Novo_Hamburgo|http://dbpedia.org/resource/Novo_Hamburgo|558|City
559|Rio_de_Janeiro|http://dbpedia.org/resource/Rio_de_Janeiro|559|City
560|Petrópolis|http://dbpedia.org/resource/Petrópolis|560|City
561|Passos|http://dbpedia.org/resource/Passos|561|City
562|Curitiba|http://dbpedia.org/resource/Curitiba|562|City
563|Poços_de_Caldas|http://dbpedia.org/resource/Poços_de_Caldas|563|City
564|Santa_Maria|http://dbpedia.org/resource/Santa_Maria|564|City
565|Goiânia|http://dbpedia.org/resource/Goiânia|565|City
566|Londrina|http://dbpedia.org/resource/Londrina|566|City
567|Diamantina|http://dbpedia.org/resource/Diamantina|567|City
568|Feira_de_Santana|http://dbpedia.org/resource/Feira_de_Santana|568|City
569|João_Monlevade|http://dbpedia.org/resource/João_Monlevade|569|City
570|Barbacena|http://dbpedia.org/resource/Barbacena|570|City
571|Manaus|http://dbpedia.org/resource/Manaus|571|City
572|Campinas|http://dbpedia.org/resource/Campinas|572|City
573|São_Carlos|http://dbpedia.org/resource/São_Carlos|573|City
574|Carangola|http://dbpedia.org/resource/Carangola|574|City
575|Bagé|http://dbpedia.org/resource/Bagé|575|City
576|Lorena|http://dbpedia.org/resource/Lorena|576|City
577|Campos_dos_Goytacazes|http://dbpedia.org/resource/Campos_dos_Goytacazes|577|City
578|Salvador|http://dbpedia.org/resource/Salvador|578|City
579|Ribeirão_Preto|http://dbpedia.org/resource/Ribeirão_Preto|579|City
580|Lavras|http://dbpedia.org/resource/Lavras|580|City
581|Criciúma|http://dbpedia.org/resource/Criciúma|581|City
582|São_Paulo|http://dbpedia.org/resource/São_Paulo|582|City
583|Recife|http://dbpedia.org/resource/Recife|583|City
584|Porto_Alegre|http://dbpedia.org/resource/Porto_Alegre|584|City
585|Uberlândia|http://dbpedia.org/resource/Uberlândia|585|City
586|Belo_Horizonte|http://dbpedia.org/resource/Belo_Horizonte|586|City
587|Serro|http://dbpedia.org/resource/Serro|587|City
588|Brasília|http://dbpedia.org/resource/Brasília|588|City
589|Itajubá|http://dbpedia.org/resource/Itajubá|589|City
590|Lagoa_da_Prata|http://dbpedia.org/resource/Lagoa_da_Prata|590|City
591|Campo_Grande|http://dbpedia.org/resource/Campo_Grande|591|City
592|Niterói|http://dbpedia.org/resource/Niterói|592|City
593|Pelotas|http://dbpedia.org/resource/Pelotas|593|City
594|Contagem|http://dbpedia.org/resource/Contagem|594|City
595|Wernigerode|http://dbpedia.org/resource/Wernigerode|595|City
596|Greifswald|http://dbpedia.org/resource/Greifswald|596|City
597|Darmstadt|http://dbpedia.org/resource/Darmstadt|597|City
598|Friedberg|http://dbpedia.org/resource/Friedberg|598|City
599|Wedel|http://dbpedia.org/resource/Wedel|599|City
600|Möckern|http://dbpedia.org/resource/Möckern|600|City
601|Ingolstadt|http://dbpedia.org/resource/Ingolstadt|601|City
602|Heidelberg|http://dbpedia.org/resource/Heidelberg|602|City
603|Speyer|http://dbpedia.org/resource/Speyer|603|City
604|Lörrach|http://dbpedia.org/resource/Lörrach|604|City
605|Ludwigsburg|http://dbpedia.org/resource/Ludwigsburg|605|City
606|Fulda|http://dbpedia.org/resource/Fulda|606|City
607|Augsburg|http://dbpedia.org/resource/Augsburg|607|City
608|Berlin|http://dbpedia.org/resource/Berlin|608|City
609|Munich|http://dbpedia.org/resource/Munich|609|City
610|Kempten|http://dbpedia.org/resource/Kempten|610|City
611|Koblenz|http://dbpedia.org/resource/Koblenz|611|City
612|Trier|http://dbpedia.org/resource/Trier|612|City
613|Othmarschen|http://dbpedia.org/resource/Othmarschen|613|City
614|Freiburg_im_Breisgau|http://dbpedia.org/resource/Freiburg_im_Breisgau|614|City
615|Hamburg|http://dbpedia.org/resource/Hamburg|615|City
616|Hanover|http://dbpedia.org/resource/Hanover|616|City
617|Nuremberg|http://dbpedia.org/resource/Nuremberg|617|City
618|Reutlingen|http://dbpedia.org/resource/Reutlingen|618|City
619|Ilmenau|http://dbpedia.org/resource/Ilmenau|619|City
620|Stuttgart|http://dbpedia.org/resource/Stuttgart|620|City
621|Aachen|http://dbpedia.org/resource/Aachen|621|City
622|Frankfurt|http://dbpedia.org/resource/Frankfurt|622|City
623|Flensburg|http://dbpedia.org/resource/Flensburg|623|City
624|Mannheim|http://dbpedia.org/resource/Mannheim|624|City
625|Mainz|http://dbpedia.org/resource/Mainz|625|City
626|Iserlohn|http://dbpedia.org/resource/Iserlohn|626|City
627|Leipzig|http://dbpedia.org/resource/Leipzig|627|City
628|Cologne|http://dbpedia.org/resource/Cologne|628|City
629|Heilbronn|http://dbpedia.org/resource/Heilbronn|629|City
630|Konstanz|http://dbpedia.org/resource/Konstanz|630|City
631|Wiesbaden|http://dbpedia.org/resource/Wiesbaden|631|City
632|Lübeck|http://dbpedia.org/resource/Lübeck|632|City
633|Kassel|http://dbpedia.org/resource/Kassel|633|City
634|Weimar|http://dbpedia.org/resource/Weimar|634|City
635|Gorontalo|http://dbpedia.org/resource/Gorontalo|635|City
636|West_Java|http://dbpedia.org/resource/West_Java|636|City
637|Surabaya|http://dbpedia.org/resource/Surabaya|637|City
638|Depok|http://dbpedia.org/resource/Depok|638|City
639|Bandar_Lampung|http://dbpedia.org/resource/Bandar_Lampung|639|City
640|Tangerang|http://dbpedia.org/resource/Tangerang|640|City
641|Surakarta|http://dbpedia.org/resource/Surakarta|641|City
642|Makassar|http://dbpedia.org/resource/Makassar|642|City
643|Yogyakarta|http://dbpedia.org/resource/Yogyakarta|643|City
644|Bangkalan|http://dbpedia.org/resource/Bangkalan|644|City
645|Ciputat|http://dbpedia.org/resource/Ciputat|645|City
646|Manokwari_Regency|http://dbpedia.org/resource/Manokwari_Regency|646|City
647|Purwokerto|http://dbpedia.org/resource/Purwokerto|647|City
648|Samarinda|http://dbpedia.org/resource/Samarinda|648|City
649|Serang|http://dbpedia.org/resource/Serang|649|City
650|Bali|http://dbpedia.org/resource/Bali|650|City
651|Padang|http://dbpedia.org/resource/Padang|651|City
652|Semarang|http://dbpedia.org/resource/Semarang|652|City
653|Manado|http://dbpedia.org/resource/Manado|653|City
654|Central_Jakarta|http://dbpedia.org/resource/Central_Jakarta|654|City
655|Medan|http://dbpedia.org/resource/Medan|655|City
656|Bengkulu|http://dbpedia.org/resource/Bengkulu|656|City
657|Manokwari|http://dbpedia.org/resource/Manokwari|657|City
658|Jakarta|http://dbpedia.org/resource/Jakarta|658|City
659|Tarakan|http://dbpedia.org/resource/Tarakan|659|City
660|Bandung|http://dbpedia.org/resource/Bandung|660|City
661|Banda_Aceh|http://dbpedia.org/resource/Banda_Aceh|661|City
662|Banjarmasin|http://dbpedia.org/resource/Banjarmasin|662|City
663|Jambi_City|http://dbpedia.org/resource/Jambi_City|663|City
664|Pontianak|http://dbpedia.org/resource/Pontianak|664|City
665|Mataram|http://dbpedia.org/resource/Mataram|665|City
666|Jimbaran|http://dbpedia.org/resource/Jimbaran|666|City
667|Ambon|http://dbpedia.org/resource/Ambon|667|City
668|Badung_Regency|http://dbpedia.org/resource/Badung_Regency|668|City
669|Kupang|http://dbpedia.org/resource/Kupang|669|City
670|Magelang|http://dbpedia.org/resource/Magelang|670|City
671|West_Papua|http://dbpedia.org/resource/West_Papua|671|City
672|South_Tangerang|http://dbpedia.org/resource/South_Tangerang|672|City
673|Tegal_Regency|http://dbpedia.org/resource/Tegal_Regency|673|City
674|Nagoya|http://dbpedia.org/resource/Nagoya|674|City
675|Yokosuka|http://dbpedia.org/resource/Yokosuka|675|City
676|Chiba|http://dbpedia.org/resource/Chiba|676|City
677|Chiyoda|http://dbpedia.org/resource/Chiyoda|677|City
678|Shibuya|http://dbpedia.org/resource/Shibuya|678|City
679|Nara|http://dbpedia.org/resource/Nara|679|City
680|Hachiōji|http://dbpedia.org/resource/Hachiōji|680|City
681|Sagamihara|http://dbpedia.org/resource/Sagamihara|681|City
682|Ichikawa|http://dbpedia.org/resource/Ichikawa|682|City
683|Kyoto|http://dbpedia.org/resource/Kyoto|683|City
684|Gifu|http://dbpedia.org/resource/Gifu|684|City
685|Toyoake|http://dbpedia.org/resource/Toyoake|685|City
686|Fujisawa|http://dbpedia.org/resource/Fujisawa|686|City
687|Okazaki|http://dbpedia.org/resource/Okazaki|687|City
688|Hirosaki|http://dbpedia.org/resource/Hirosaki|688|City
689|Nagakute|http://dbpedia.org/resource/Nagakute|689|City
690|Akita_City|http://dbpedia.org/resource/Akita_City|690|City
691|Nagasaki|http://dbpedia.org/resource/Nagasaki|691|City
692|Shimonoseki|http://dbpedia.org/resource/Shimonoseki|692|City
693|Aomori|http://dbpedia.org/resource/Aomori|693|City
694|Tokyo|http://dbpedia.org/resource/Tokyo|694|City
695|Toyohashi|http://dbpedia.org/resource/Toyohashi|695|City
696|Toyota|http://dbpedia.org/resource/Toyota|696|City
697|Owariasahi|http://dbpedia.org/resource/Owariasahi|697|City
698|Bunkyo|http://dbpedia.org/resource/Bunkyo|698|City
699|Hamamatsu|http://dbpedia.org/resource/Hamamatsu|699|City
700|Nisshin|http://dbpedia.org/resource/Nisshin|700|City
701|Niigata|http://dbpedia.org/resource/Niigata|701|City
702|Machida|http://dbpedia.org/resource/Machida|702|City
703|Osaka|http://dbpedia.org/resource/Osaka|703|City
704|Aichi_Prefecture|http://dbpedia.org/resource/Aichi_Prefecture|704|City
705|Sapporo|http://dbpedia.org/resource/Sapporo|705|City
706|Setagaya|http://dbpedia.org/resource/Setagaya|706|City
707|Hachinohe|http://dbpedia.org/resource/Hachinohe|707|City
708|Yokohama|http://dbpedia.org/resource/Yokohama|708|City
709|Atsugi|http://dbpedia.org/resource/Atsugi|709|City
710|Kobe|http://dbpedia.org/resource/Kobe|710|City
711|Kagoshima|http://dbpedia.org/resource/Kagoshima|711|City
712|Tokushima|http://dbpedia.org/resource/Tokushima|712|City
713|Chikusa-ku|http://dbpedia.org/resource/Chikusa-ku|713|City
714|Monterrey|http://dbpedia.org/resource/Monterrey|714|City
715|Mexicali|http://dbpedia.org/resource/Mexicali|715|City
716|Chihuahua|http://dbpedia.org/resource/Chihuahua|716|City
717|Zacapoaxtla|http://dbpedia.org/resource/Zacapoaxtla|717|City
718|Culiacán|http://dbpedia.org/resource/Culiacán|718|City
719|San_Nicolás_de_los_Garza|http://dbpedia.org/resource/San_Nicolás_de_los_Garza|719|City
720|Guadalajara|http://dbpedia.org/resource/Guadalajara|720|City
721|Villahermosa|http://dbpedia.org/resource/Villahermosa|721|City
722|Antón_Lizardo|http://dbpedia.org/resource/Antón_Lizardo|722|City
723|Ciudad_Obregón|http://dbpedia.org/resource/Ciudad_Obregón|723|City
724|Tlalpan|http://dbpedia.org/resource/Tlalpan|724|City
725|Saltillo|http://dbpedia.org/resource/Saltillo|725|City
726|San_Pedro_Garza_García|http://dbpedia.org/resource/San_Pedro_Garza_García|726|City
727|Montemorelos|http://dbpedia.org/resource/Montemorelos|727|City
728|Pedro_Escobedo|http://dbpedia.org/resource/Pedro_Escobedo|728|City
729|Ensenada|http://dbpedia.org/resource/Ensenada|729|City
730|Mexico_City|http://dbpedia.org/resource/Mexico_City|730|City
731|Querétaro|http://dbpedia.org/resource/Querétaro|731|City
732|Puebla|http://dbpedia.org/resource/Puebla|732|City
733|Toluca|http://dbpedia.org/resource/Toluca|733|City
734|Oaxaca|http://dbpedia.org/resource/Oaxaca|734|City
735|Jiquilpan|http://dbpedia.org/resource/Jiquilpan|735|City
736|Irapuato|http://dbpedia.org/resource/Irapuato|736|City
737|Tlatelolco|http://dbpedia.org/resource/Tlatelolco|737|City
738|Ixtlán_de_Juárez|http://dbpedia.org/resource/Ixtlán_de_Juárez|738|City
739|Altamira|http://dbpedia.org/resource/Altamira|739|City
740|Mérida|http://dbpedia.org/resource/Mérida|740|City
741|Tijuana|http://dbpedia.org/resource/Tijuana|741|City
742|Santa_Catarina|http://dbpedia.org/resource/Santa_Catarina|742|City
743|Colima|http://dbpedia.org/resource/Colima|743|City
744|Campeche|http://dbpedia.org/resource/Campeche|744|City
745|San_Luis_Potosí|http://dbpedia.org/resource/San_Luis_Potosí|745|City
746|Cancún|http://dbpedia.org/resource/Cancún|746|City
747|Coyoacán|http://dbpedia.org/resource/Coyoacán|747|City
748|Tepic|http://dbpedia.org/resource/Tepic|748|City
749|Hermosillo|http://dbpedia.org/resource/Hermosillo|749|City
750|Chapingo|http://dbpedia.org/resource/Chapingo|750|City
751|Morelia|http://dbpedia.org/resource/Morelia|751|City
752|Nuevo_Laredo|http://dbpedia.org/resource/Nuevo_Laredo|752|City
753|Sukkur|http://dbpedia.org/resource/Sukkur|753|City
754|Khuzdar|http://dbpedia.org/resource/Khuzdar|754|City
755|Larkana_District|http://dbpedia.org/resource/Larkana_District|755|City
756|Jhang|http://dbpedia.org/resource/Jhang|756|City
757|Nawabshah|http://dbpedia.org/resource/Nawabshah|757|City
758|Swat|http://dbpedia.org/resource/Swat|758|City
759|http://maps.google.com/maps?ll=25.530889,69.017306&spn=0.01,0.01&t=m&q=25.530889,69.017306|http://dbpedia.org/resource/http://maps.google.com/maps?ll=25.530889,69.017306&spn=0.01,0.01&t=m&q=25.530889,69.017306|759|City
760|Sialkot|http://dbpedia.org/resource/Sialkot|760|City
761|Ahmedpur_Sial|http://dbpedia.org/resource/Ahmedpur_Sial|761|City
762|Lahore|http://dbpedia.org/resource/Lahore|762|City
763|Kahuta|http://dbpedia.org/resource/Kahuta|763|City
764|Shorkot|http://dbpedia.org/resource/Shorkot|764|City
765|Mirpur|http://dbpedia.org/resource/Mirpur|765|City
766|Swabi|http://dbpedia.org/resource/Swabi|766|City
767|Taxila|http://dbpedia.org/resource/Taxila|767|City
768|Kharian|http://dbpedia.org/resource/Kharian|768|City
769|Quetta|http://dbpedia.org/resource/Quetta|769|City
770|Faisalabad|http://dbpedia.org/resource/Faisalabad|770|City
771|Topi|http://dbpedia.org/resource/Topi|771|City
772|Karachi|http://dbpedia.org/resource/Karachi|772|City
773|Tando_Jam|http://dbpedia.org/resource/Tando_Jam|773|City
774|Surat,India|http://dbpedia.org/resource/Surat,India|774|City
775|New_Muslim_Town|http://dbpedia.org/resource/New_Muslim_Town|775|City
776|Multan|http://dbpedia.org/resource/Multan|776|City
777|Islamabad|http://dbpedia.org/resource/Islamabad|777|City
778|Risalpur|http://dbpedia.org/resource/Risalpur|778|City
779|Islamabad/Rawalpindi,Lahore|http://dbpedia.org/resource/Islamabad/Rawalpindi,Lahore|779|City
780|Major_Cities|http://dbpedia.org/resource/Major_Cities|780|City
781|Bahria_Town|http://dbpedia.org/resource/Bahria_Town|781|City
782|Peshawar|http://dbpedia.org/resource/Peshawar|782|City
783|Dera_Ismail_Khan|http://dbpedia.org/resource/Dera_Ismail_Khan|783|City
784|Abbottabad|http://dbpedia.org/resource/Abbottabad|784|City
785|Jamshoro|http://dbpedia.org/resource/Jamshoro|785|City
786|Rawalpindi|http://dbpedia.org/resource/Rawalpindi|786|City
787|Wah_Cantonment|http://dbpedia.org/resource/Wah_Cantonment|787|City
788|Khyber_Pakhtunkhwa|http://dbpedia.org/resource/Khyber_Pakhtunkhwa|788|City
789|Sahiwal_Division|http://dbpedia.org/resource/Sahiwal_Division|789|City
790|Nilore|http://dbpedia.org/resource/Nilore|790|City
791|Rahim_Yar_Khan|http://dbpedia.org/resource/Rahim_Yar_Khan|791|City
792|Khairpur|http://dbpedia.org/resource/Khairpur|792|City
793|Iloilo_City|http://dbpedia.org/resource/Iloilo_City|793|City
794|Cabuyao|http://dbpedia.org/resource/Cabuyao|794|City
795|Kalibo|http://dbpedia.org/resource/Kalibo|795|City
796|Davao_City|http://dbpedia.org/resource/Davao_City|796|City
797|Iligan|http://dbpedia.org/resource/Iligan|797|City
798|Mandaluyong|http://dbpedia.org/resource/Mandaluyong|798|City
799|Tuguegarao|http://dbpedia.org/resource/Tuguegarao|799|City
800|Manila|http://dbpedia.org/resource/Manila|800|City
801|Cebu_City|http://dbpedia.org/resource/Cebu_City|801|City
802|Roxas|http://dbpedia.org/resource/Roxas|802|City
803|Pasay|http://dbpedia.org/resource/Pasay|803|City
804|Laoag|http://dbpedia.org/resource/Laoag|804|City
805|Legazpi|http://dbpedia.org/resource/Legazpi|805|City
806|Ermita|http://dbpedia.org/resource/Ermita|806|City
807|Dumaguete|http://dbpedia.org/resource/Dumaguete|807|City
808|Bacolod|http://dbpedia.org/resource/Bacolod|808|City
809|Los_Baños|http://dbpedia.org/resource/Los_Baños|809|City
810|Silang|http://dbpedia.org/resource/Silang|810|City
811|Taguig|http://dbpedia.org/resource/Taguig|811|City
812|Biñan|http://dbpedia.org/resource/Biñan|812|City
813|Lipa|http://dbpedia.org/resource/Lipa|813|City
814|Zamboanga_City|http://dbpedia.org/resource/Zamboanga_City|814|City
815|Intramuros|http://dbpedia.org/resource/Intramuros|815|City
816|Malate|http://dbpedia.org/resource/Malate|816|City
817|Dagupan|http://dbpedia.org/resource/Dagupan|817|City
818|Angeles|http://dbpedia.org/resource/Angeles|818|City
819|Makati|http://dbpedia.org/resource/Makati|819|City
820|Tacloban|http://dbpedia.org/resource/Tacloban|820|City
821|Cagayan_de_Oro|http://dbpedia.org/resource/Cagayan_de_Oro|821|City
822|Cavite_City|http://dbpedia.org/resource/Cavite_City|822|City
823|Quezon_City|http://dbpedia.org/resource/Quezon_City|823|City
824|Sampaloc|http://dbpedia.org/resource/Sampaloc|824|City
825|Bislig|http://dbpedia.org/resource/Bislig|825|City
826|Tagbilaran|http://dbpedia.org/resource/Tagbilaran|826|City
827|Santa_Rosa|http://dbpedia.org/resource/Santa_Rosa|827|City
828|San_Miguel|http://dbpedia.org/resource/San_Miguel|828|City
829|Cabanatuan|http://dbpedia.org/resource/Cabanatuan|829|City
830|Malolos|http://dbpedia.org/resource/Malolos|830|City
831|Naga|http://dbpedia.org/resource/Naga|831|City
832|Tula|http://dbpedia.org/resource/Tula|832|City
833|Rostov|http://dbpedia.org/resource/Rostov|833|City
834|Vladivostok|http://dbpedia.org/resource/Vladivostok|834|City
835|Zhukovsky|http://dbpedia.org/resource/Zhukovsky|835|City
836|Yekaterinburg|http://dbpedia.org/resource/Yekaterinburg|836|City
837|Perm|http://dbpedia.org/resource/Perm|837|City
838|Yaroslavl|http://dbpedia.org/resource/Yaroslavl|838|City
839|Krasnodar|http://dbpedia.org/resource/Krasnodar|839|City
840|Biysk|http://dbpedia.org/resource/Biysk|840|City
841|Barnaul|http://dbpedia.org/resource/Barnaul|841|City
842|Kursk|http://dbpedia.org/resource/Kursk|842|City
843|Saransk|http://dbpedia.org/resource/Saransk|843|City
844|Saint_Petersburg|http://dbpedia.org/resource/Saint_Petersburg|844|City
845|Moscow|http://dbpedia.org/resource/Moscow|845|City
846|Kemerovo_Oblast|http://dbpedia.org/resource/Kemerovo_Oblast|846|City
847|Omsk|http://dbpedia.org/resource/Omsk|847|City
848|Bishkek|http://dbpedia.org/resource/Bishkek|848|City
849|Magnitogorsk|http://dbpedia.org/resource/Magnitogorsk|849|City
850|Murmansk|http://dbpedia.org/resource/Murmansk|850|City
851|Tomsk|http://dbpedia.org/resource/Tomsk|851|City
852|Monino|http://dbpedia.org/resource/Monino|852|City
853|Kazan|http://dbpedia.org/resource/Kazan|853|City
854|Ulyanovsk|http://dbpedia.org/resource/Ulyanovsk|854|City
855|Ivanovo_Oblast|http://dbpedia.org/resource/Ivanovo_Oblast|855|City
856|Vologda|http://dbpedia.org/resource/Vologda|856|City
857|Pereslavl-Zalessky|http://dbpedia.org/resource/Pereslavl-Zalessky|857|City
858|Krasnoyarsk|http://dbpedia.org/resource/Krasnoyarsk|858|City
859|Voronezh|http://dbpedia.org/resource/Voronezh|859|City
860|Ulan-Ude|http://dbpedia.org/resource/Ulan-Ude|860|City
861|Chita|http://dbpedia.org/resource/Chita|861|City
862|Skolkovo|http://dbpedia.org/resource/Skolkovo|862|City
863|Saratov|http://dbpedia.org/resource/Saratov|863|City
864|Izhevsk|http://dbpedia.org/resource/Izhevsk|864|City
865|Moscow_International_Business_Center|http://dbpedia.org/resource/Moscow_International_Business_Center|865|City
866|Belgorod|http://dbpedia.org/resource/Belgorod|866|City
867|Ufa|http://dbpedia.org/resource/Ufa|867|City
868|Volgograd|http://dbpedia.org/resource/Volgograd|868|City
869|Zaoksky|http://dbpedia.org/resource/Zaoksky|869|City
870|Gorno-Altaysk|http://dbpedia.org/resource/Gorno-Altaysk|870|City
871|Irkutsk|http://dbpedia.org/resource/Irkutsk|871|City
872|New_Haven|http://dbpedia.org/resource/New_Haven|872|City
873|Nashville|http://dbpedia.org/resource/Nashville|873|City
874|San_Francisco|http://dbpedia.org/resource/San_Francisco|874|City
875|Chicago|http://dbpedia.org/resource/Chicago|875|City
876|Lubbock|http://dbpedia.org/resource/Lubbock|876|City
877|New_York_City|http://dbpedia.org/resource/New_York_City|877|City
878|Gainesville|http://dbpedia.org/resource/Gainesville|878|City
879|Philadelphia|http://dbpedia.org/resource/Philadelphia|879|City
880|Richmond|http://dbpedia.org/resource/Richmond|880|City
881|New_York|http://dbpedia.org/resource/New_York|881|City
882|Columbus|http://dbpedia.org/resource/Columbus|882|City
883|Indianapolis|http://dbpedia.org/resource/Indianapolis|883|City
884|Columbia|http://dbpedia.org/resource/Columbia|884|City
885|Phoenix|http://dbpedia.org/resource/Phoenix|885|City
886|Notre_Damena|http://dbpedia.org/resource/Notre_Damena|886|City
887|Pittsburgh|http://dbpedia.org/resource/Pittsburgh|887|City
888|Los_Angeles|http://dbpedia.org/resource/Los_Angeles|888|City
889|Ann_Arbor|http://dbpedia.org/resource/Ann_Arbor|889|City
890|San_Diego|http://dbpedia.org/resource/San_Diego|890|City
891|Berkeley|http://dbpedia.org/resource/Berkeley|891|City
892|Atlanta|http://dbpedia.org/resource/Atlanta|892|City
893|Jacksonville|http://dbpedia.org/resource/Jacksonville|893|City
894|Orlando|http://dbpedia.org/resource/Orlando|894|City
895|San_Antonio|http://dbpedia.org/resource/San_Antonio|895|City
896|Milwaukee|http://dbpedia.org/resource/Milwaukee|896|City
897|Cincinnati|http://dbpedia.org/resource/Cincinnati|897|City
898|Fayetteville|http://dbpedia.org/resource/Fayetteville|898|City
899|Austin|http://dbpedia.org/resource/Austin|899|City
900|Baltimore|http://dbpedia.org/resource/Baltimore|900|City
901|Houston|http://dbpedia.org/resource/Houston|901|City
902|Cambridge|http://dbpedia.org/resource/Cambridge|902|City
903|Tallahassee|http://dbpedia.org/resource/Tallahassee|903|City
904|Boston|http://dbpedia.org/resource/Boston|904|City
905|Washington|http://dbpedia.org/resource/Washington|905|City
906|Minneapolis|http://dbpedia.org/resource/Minneapolis|906|City
907|New_Orleans|http://dbpedia.org/resource/New_Orleans|907|City
908|Cleveland|http://dbpedia.org/resource/Cleveland|908|City
909|St._Louis|http://dbpedia.org/resource/St._Louis|909|City
910|Portland|http://dbpedia.org/resource/Portland|910|City
911|Ithaca|http://dbpedia.org/resource/Ithaca|911|City
912|Tuyên_Quang|http://dbpedia.org/resource/Tuyên_Quang|912|City
913|Quảng_Ngãi|http://dbpedia.org/resource/Quảng_Ngãi|913|City
914|Quy_Nhơn|http://dbpedia.org/resource/Quy_Nhơn|914|City
915|Thái_Nguyên|http://dbpedia.org/resource/Thái_Nguyên|915|City
916|Hanoi|http://dbpedia.org/resource/Hanoi|916|City
917|Nha_Trang|http://dbpedia.org/resource/Nha_Trang|917|City
918|Đông_Hà|http://dbpedia.org/resource/Đông_Hà|918|City
919|Đồng_Hới|http://dbpedia.org/resource/Đồng_Hới|919|City
920|Bắc_Giang|http://dbpedia.org/resource/Bắc_Giang|920|City
921|Bến|http://dbpedia.org/resource/Bến|921|City
922|Da_Nang|http://dbpedia.org/resource/Da_Nang|922|City
923|Nghe_An_province|http://dbpedia.org/resource/Nghe_An_province|923|City
924|Long_Xuyen|http://dbpedia.org/resource/Long_Xuyen|924|City
925|Biên_Hòa|http://dbpedia.org/resource/Biên_Hòa|925|City
926|Thái_Bình|http://dbpedia.org/resource/Thái_Bình|926|City
927|Mỹ_Tho|http://dbpedia.org/resource/Mỹ_Tho|927|City
928|Sơn_La|http://dbpedia.org/resource/Sơn_La|928|City
929|Phan_Rang–Tháp_Chàm|http://dbpedia.org/resource/Phan_Rang–Tháp_Chàm|929|City
930|Móng_Cái|http://dbpedia.org/resource/Móng_Cái|930|City
931|Phan_Thiết|http://dbpedia.org/resource/Phan_Thiết|931|City
932|Thanh_Hóa|http://dbpedia.org/resource/Thanh_Hóa|932|City
933|Điện_Biên_Phủ|http://dbpedia.org/resource/Điện_Biên_Phủ|933|City
934|Trà_Vinh|http://dbpedia.org/resource/Trà_Vinh|934|City
935|Phủ_Lý|http://dbpedia.org/resource/Phủ_Lý|935|City
936|Tuy_Hòa|http://dbpedia.org/resource/Tuy_Hòa|936|City
937|Hung_Yen_province|http://dbpedia.org/resource/Hung_Yen_province|937|City
938|Tân_An|http://dbpedia.org/resource/Tân_An|938|City
939|Sóc_Trăng|http://dbpedia.org/resource/Sóc_Trăng|939|City
940|Cần_Thơ|http://dbpedia.org/resource/Cần_Thơ|940|City
941|Huế|http://dbpedia.org/resource/Huế|941|City
942|Tam_Kỳ|http://dbpedia.org/resource/Tam_Kỳ|942|City
943|Gia_lam|http://dbpedia.org/resource/Gia_lam|943|City
944|Rạch_Giá|http://dbpedia.org/resource/Rạch_Giá|944|City
945|Cua_Lo|http://dbpedia.org/resource/Cua_Lo|945|City
946|Bạc_Liêu|http://dbpedia.org/resource/Bạc_Liêu|946|City
947|Ho_Chi_Minh_City|http://dbpedia.org/resource/Ho_Chi_Minh_City|947|City
948|Bà_Rịa|http://dbpedia.org/resource/Bà_Rịa|948|City
949|Đà_Lạt|http://dbpedia.org/resource/Đà_Lạt|949|City
950|Pleiku|http://dbpedia.org/resource/Pleiku|950|City
951|Puli_Khumri|http://dbpedia.org/resource/Puli_Khumri|951|City
952|Lashkar_Gah|http://dbpedia.org/resource/Lashkar_Gah|952|City
953|Jalalabad|http://dbpedia.org/resource/Jalalabad|953|City
954|Asadabad|http://dbpedia.org/resource/Asadabad|954|City
955|Kabul|http://dbpedia.org/resource/Kabul|955|City
956|Kandahar|http://dbpedia.org/resource/Kandahar|956|City
957|Gardēz|http://dbpedia.org/resource/Gardēz|957|City
958|Herat|http://dbpedia.org/resource/Herat|958|City
959|Khost|http://dbpedia.org/resource/Khost|959|City
960|Algiers|http://dbpedia.org/resource/Algiers|960|City
961|Batna|http://dbpedia.org/resource/Batna|961|City
962|Tiaret|http://dbpedia.org/resource/Tiaret|962|City
963|El_Harrach|http://dbpedia.org/resource/El_Harrach|963|City
964|Guelma|http://dbpedia.org/resource/Guelma|964|City
965|Bab_Ezzouar|http://dbpedia.org/resource/Bab_Ezzouar|965|City
966|Chief|http://dbpedia.org/resource/Chief|966|City
967|Annaba|http://dbpedia.org/resource/Annaba|967|City
968|El_Oued|http://dbpedia.org/resource/El_Oued|968|City
969|Oran|http://dbpedia.org/resource/Oran|969|City
970|Córdoba|http://dbpedia.org/resource/Córdoba|970|City
971|Mendoza|http://dbpedia.org/resource/Mendoza|971|City
972|Buenos_Aires|http://dbpedia.org/resource/Buenos_Aires|972|City
973|Various|http://dbpedia.org/resource/Various|973|City
974|Posadas|http://dbpedia.org/resource/Posadas|974|City
975|San_Martín|http://dbpedia.org/resource/San_Martín|975|City
976|Corrientes|http://dbpedia.org/resource/Corrientes|976|City
977|Presidencia_Roque_Sáenz_Peña|http://dbpedia.org/resource/Presidencia_Roque_Sáenz_Peña|977|City
978|Rosario|http://dbpedia.org/resource/Rosario|978|City
979|San_Miguel_de_Tucumán|http://dbpedia.org/resource/San_Miguel_de_Tucumán|979|City
980|Geelong|http://dbpedia.org/resource/Geelong|980|City
981|Sydney|http://dbpedia.org/resource/Sydney|981|City
982|Canberra|http://dbpedia.org/resource/Canberra|982|City
983|Brisbane|http://dbpedia.org/resource/Brisbane|983|City
984|Melbourne|http://dbpedia.org/resource/Melbourne|984|City
985|Perth|http://dbpedia.org/resource/Perth|985|City
986|Darlington|http://dbpedia.org/resource/Darlington|986|City
987|Camperdown|http://dbpedia.org/resource/Camperdown|987|City
988|Parkville|http://dbpedia.org/resource/Parkville|988|City
989|Adelaide|http://dbpedia.org/resource/Adelaide|989|City
990|Vitebsk|http://dbpedia.org/resource/Vitebsk|990|City
991|Baranovichi|http://dbpedia.org/resource/Baranovichi|991|City
992|Bobruysk|http://dbpedia.org/resource/Bobruysk|992|City
993|Mogilev|http://dbpedia.org/resource/Mogilev|993|City
994|Gomel|http://dbpedia.org/resource/Gomel|994|City
995|Borisov|http://dbpedia.org/resource/Borisov|995|City
996|Minsk|http://dbpedia.org/resource/Minsk|996|City
997|Brest|http://dbpedia.org/resource/Brest|997|City
998|Grodno|http://dbpedia.org/resource/Grodno|998|City
999|Barysaw|http://dbpedia.org/resource/Barysaw|999|City
1000|Liège|http://dbpedia.org/resource/Liège|1000|City
1001|Leuven|http://dbpedia.org/resource/Leuven|1001|City
1002|Paris|http://dbpedia.org/resource/Paris|1002|City
1003|Tonbridge|http://dbpedia.org/resource/Tonbridge|1003|City
1004|Antwerp|http://dbpedia.org/resource/Antwerp|1004|City
1005|Ottignies-Louvain-la-Neuve|http://dbpedia.org/resource/Ottignies-Louvain-la-Neuve|1005|City
1006|Canterbury|http://dbpedia.org/resource/Canterbury|1006|City
1007|Medway|http://dbpedia.org/resource/Medway|1007|City
1008|Ghent|http://dbpedia.org/resource/Ghent|1008|City
1009|Brussels|http://dbpedia.org/resource/Brussels|1009|City
1010|Taungoo_Township|http://dbpedia.org/resource/Taungoo_Township|1010|City
1011|Sittwe_District|http://dbpedia.org/resource/Sittwe_District|1011|City
1012|Lanmadaw_Township|http://dbpedia.org/resource/Lanmadaw_Township|1012|City
1013|Mayangone|http://dbpedia.org/resource/Mayangone|1013|City
1014|Insein_Township|http://dbpedia.org/resource/Insein_Township|1014|City
1015|Taungoo|http://dbpedia.org/resource/Taungoo|1015|City
1016|Yangon|http://dbpedia.org/resource/Yangon|1016|City
1017|Loikaw|http://dbpedia.org/resource/Loikaw|1017|City
1018|Pyin_U_Lwin|http://dbpedia.org/resource/Pyin_U_Lwin|1018|City
1019|Meiktila|http://dbpedia.org/resource/Meiktila|1019|City
1020|Toronto|http://dbpedia.org/resource/Toronto|1020|City
1021|Fredericton|http://dbpedia.org/resource/Fredericton|1021|City
1022|Edmonton|http://dbpedia.org/resource/Edmonton|1022|City
1023|Ottawa|http://dbpedia.org/resource/Ottawa|1023|City
1024|London|http://dbpedia.org/resource/London|1024|City
1025|Winnipeg|http://dbpedia.org/resource/Winnipeg|1025|City
1026|Hamilton|http://dbpedia.org/resource/Hamilton|1026|City
1027|Saskatoon|http://dbpedia.org/resource/Saskatoon|1027|City
1028|Vancouver|http://dbpedia.org/resource/Vancouver|1028|City
1029|Montreal|http://dbpedia.org/resource/Montreal|1029|City
1030|Kampong_Cham|http://dbpedia.org/resource/Kampong_Cham|1030|City
1031|Siem_Reap|http://dbpedia.org/resource/Siem_Reap|1031|City
1032|Kampong_Speu|http://dbpedia.org/resource/Kampong_Speu|1032|City
1033|Ta_Khmau|http://dbpedia.org/resource/Ta_Khmau|1033|City
1034|Pray_Veng|http://dbpedia.org/resource/Pray_Veng|1034|City
1035|Battambang|http://dbpedia.org/resource/Battambang|1035|City
1036|Borey_Seang_Nam|http://dbpedia.org/resource/Borey_Seang_Nam|1036|City
1037|Phnom_Penh|http://dbpedia.org/resource/Phnom_Penh|1037|City
1038|Sihanoukville|http://dbpedia.org/resource/Sihanoukville|1038|City
1039|Pursat|http://dbpedia.org/resource/Pursat|1039|City
1040|Mokolo|http://dbpedia.org/resource/Mokolo|1040|City
1041|Baffoussam|http://dbpedia.org/resource/Baffoussam|1041|City
1042|Garoua|http://dbpedia.org/resource/Garoua|1042|City
1043|Bangangté|http://dbpedia.org/resource/Bangangté|1043|City
1044|Maroua|http://dbpedia.org/resource/Maroua|1044|City
1045|Buea|http://dbpedia.org/resource/Buea|1045|City
1046|Kumba|http://dbpedia.org/resource/Kumba|1046|City
1047|Yaoundé|http://dbpedia.org/resource/Yaoundé|1047|City
1048|Bamenda|http://dbpedia.org/resource/Bamenda|1048|City
1049|Douala|http://dbpedia.org/resource/Douala|1049|City
1050|Valdivia|http://dbpedia.org/resource/Valdivia|1050|City
1051|Santiago|http://dbpedia.org/resource/Santiago|1051|City
1052|Antofagasta|http://dbpedia.org/resource/Antofagasta|1052|City
1053|Iquique|http://dbpedia.org/resource/Iquique|1053|City
1054|Valparaíso|http://dbpedia.org/resource/Valparaíso|1054|City
1055|Temuco|http://dbpedia.org/resource/Temuco|1055|City
1056|Viña_del_Mar|http://dbpedia.org/resource/Viña_del_Mar|1056|City
1057|Puerto_Montt|http://dbpedia.org/resource/Puerto_Montt|1057|City
1058|Osorno|http://dbpedia.org/resource/Osorno|1058|City
1059|Concepción|http://dbpedia.org/resource/Concepción|1059|City
1060|Bogotá|http://dbpedia.org/resource/Bogotá|1060|City
1061|Cartagena|http://dbpedia.org/resource/Cartagena|1061|City
1062|Pamplona|http://dbpedia.org/resource/Pamplona|1062|City
1063|Manizales|http://dbpedia.org/resource/Manizales|1063|City
1064|Armenia|http://dbpedia.org/resource/Armenia|1064|City
1065|Bucaramanga|http://dbpedia.org/resource/Bucaramanga|1065|City
1066|Cali|http://dbpedia.org/resource/Cali|1066|City
1067|Barranquilla|http://dbpedia.org/resource/Barranquilla|1067|City
1068|Tunja|http://dbpedia.org/resource/Tunja|1068|City
1069|Medellín|http://dbpedia.org/resource/Medellín|1069|City
1070|Havana|http://dbpedia.org/resource/Havana|1070|City
1071|Marianao|http://dbpedia.org/resource/Marianao|1071|City
1072|Santiago_de_Cuba|http://dbpedia.org/resource/Santiago_de_Cuba|1072|City
1073|Jagüey_Grande|http://dbpedia.org/resource/Jagüey_Grande|1073|City
1074|Cienfuegos|http://dbpedia.org/resource/Cienfuegos|1074|City
1075|Matanzas|http://dbpedia.org/resource/Matanzas|1075|City
1076|Pinar_del_Río|http://dbpedia.org/resource/Pinar_del_Río|1076|City
1077|Ciego_de_Ávila|http://dbpedia.org/resource/Ciego_de_Ávila|1077|City
1078|Santa_Clara|http://dbpedia.org/resource/Santa_Clara|1078|City
1079|Camagüey|http://dbpedia.org/resource/Camagüey|1079|City
1080|Ostrava|http://dbpedia.org/resource/Ostrava|1080|City
1081|Liberec|http://dbpedia.org/resource/Liberec|1081|City
1082|Prague|http://dbpedia.org/resource/Prague|1082|City
1083|Mladá_Boleslav|http://dbpedia.org/resource/Mladá_Boleslav|1083|City
1084|České_Budějovice|http://dbpedia.org/resource/České_Budějovice|1084|City
1085|Ústí_nad_Labem|http://dbpedia.org/resource/Ústí_nad_Labem|1085|City
1086|Hradec_Králové|http://dbpedia.org/resource/Hradec_Králové|1086|City
1087|Brno|http://dbpedia.org/resource/Brno|1087|City
1088|Moravia|http://dbpedia.org/resource/Moravia|1088|City
1089|Olomouc|http://dbpedia.org/resource/Olomouc|1089|City
1090|Kinshasa|http://dbpedia.org/resource/Kinshasa|1090|City
1091|Bandundu|http://dbpedia.org/resource/Bandundu|1091|City
1092|Baraka|http://dbpedia.org/resource/Baraka|1092|City
1093|Boma|http://dbpedia.org/resource/Boma|1093|City
1094|Bukavu|http://dbpedia.org/resource/Bukavu|1094|City
1095|Goma|http://dbpedia.org/resource/Goma|1095|City
1096|Kisangani|http://dbpedia.org/resource/Kisangani|1096|City
1097|Kananga|http://dbpedia.org/resource/Kananga|1097|City
1098|Lubumbashi|http://dbpedia.org/resource/Lubumbashi|1098|City
1099|Bas-Congo|http://dbpedia.org/resource/Bas-Congo|1099|City
1100|Alexandria|http://dbpedia.org/resource/Alexandria|1100|City
1101|Monufia_Governorate|http://dbpedia.org/resource/Monufia_Governorate|1101|City
1102|Cairo|http://dbpedia.org/resource/Cairo|1102|City
1103|Beni_Suef|http://dbpedia.org/resource/Beni_Suef|1103|City
1104|Giza|http://dbpedia.org/resource/Giza|1104|City
1105|El_Shorouk|http://dbpedia.org/resource/El_Shorouk|1105|City
1106|New_Cairo|http://dbpedia.org/resource/New_Cairo|1106|City
1107|Ramadan_City|http://dbpedia.org/resource/Ramadan_City|1107|City
1108|Bilbeis|http://dbpedia.org/resource/Bilbeis|1108|City
1109|Sohag|http://dbpedia.org/resource/Sohag|1109|City
1110|Southampton|http://dbpedia.org/resource/Southampton|1110|City
1111|Manchester|http://dbpedia.org/resource/Manchester|1111|City
1112|Leicester|http://dbpedia.org/resource/Leicester|1112|City
1113|Newcastle_upon_Tyne|http://dbpedia.org/resource/Newcastle_upon_Tyne|1113|City
1114|Durham|http://dbpedia.org/resource/Durham|1114|City
1115|Birmingham|http://dbpedia.org/resource/Birmingham|1115|City
1116|York|http://dbpedia.org/resource/York|1116|City
1117|Sheffield|http://dbpedia.org/resource/Sheffield|1117|City
1118|Leeds|http://dbpedia.org/resource/Leeds|1118|City
1119|Dire_Dawa|http://dbpedia.org/resource/Dire_Dawa|1119|City
1120|Debre_Marqos|http://dbpedia.org/resource/Debre_Marqos|1120|City
1121|Nekemte|http://dbpedia.org/resource/Nekemte|1121|City
1122|Awasa|http://dbpedia.org/resource/Awasa|1122|City
1123|Mek'ele|http://dbpedia.org/resource/Mek'ele|1123|City
1124|Bahir_Dar|http://dbpedia.org/resource/Bahir_Dar|1124|City
1125|Addis_Ababa|http://dbpedia.org/resource/Addis_Ababa|1125|City
1126|Mettu|http://dbpedia.org/resource/Mettu|1126|City
1127|Adama|http://dbpedia.org/resource/Adama|1127|City
1128|Jimma|http://dbpedia.org/resource/Jimma|1128|City
1129|Lyon|http://dbpedia.org/resource/Lyon|1129|City
1130|Toulouse|http://dbpedia.org/resource/Toulouse|1130|City
1131|Montpellier|http://dbpedia.org/resource/Montpellier|1131|City
1132|Lille|http://dbpedia.org/resource/Lille|1132|City
1133|Aix-en-Provence|http://dbpedia.org/resource/Aix-en-Provence|1133|City
1134|Évry|http://dbpedia.org/resource/Évry|1134|City
1135|Nancy|http://dbpedia.org/resource/Nancy|1135|City
1136|Grenoble|http://dbpedia.org/resource/Grenoble|1136|City
1137|Nantes|http://dbpedia.org/resource/Nantes|1137|City
1138|Thessaloniki|http://dbpedia.org/resource/Thessaloniki|1138|City
1139|Kozani|http://dbpedia.org/resource/Kozani|1139|City
1140|Patras|http://dbpedia.org/resource/Patras|1140|City
1141|Kalamata|http://dbpedia.org/resource/Kalamata|1141|City
1142|Athens|http://dbpedia.org/resource/Athens|1142|City
1143|Trikala|http://dbpedia.org/resource/Trikala|1143|City
1144|Crete|http://dbpedia.org/resource/Crete|1144|City
1145|Karditsa|http://dbpedia.org/resource/Karditsa|1145|City
1146|Piraeus|http://dbpedia.org/resource/Piraeus|1146|City
1147|Larissa|http://dbpedia.org/resource/Larissa|1147|City
1148|Győr|http://dbpedia.org/resource/Győr|1148|City
1149|Budapest|http://dbpedia.org/resource/Budapest|1149|City
1150|Szeged|http://dbpedia.org/resource/Szeged|1150|City
1151|Esztergom|http://dbpedia.org/resource/Esztergom|1151|City
1152|Salgótarján|http://dbpedia.org/resource/Salgótarján|1152|City
1153|Zalaegerszeg|http://dbpedia.org/resource/Zalaegerszeg|1153|City
1154|Visonta|http://dbpedia.org/resource/Visonta|1154|City
1155|Debrecen|http://dbpedia.org/resource/Debrecen|1155|City
1156|Veszprém|http://dbpedia.org/resource/Veszprém|1156|City
1157|Piliscsaba|http://dbpedia.org/resource/Piliscsaba|1157|City
1158|Shiraz|http://dbpedia.org/resource/Shiraz|1158|City
1159|Shahrekord|http://dbpedia.org/resource/Shahrekord|1159|City
1160|Babol|http://dbpedia.org/resource/Babol|1160|City
1161|Mashhad|http://dbpedia.org/resource/Mashhad|1161|City
1162|Zanjan|http://dbpedia.org/resource/Zanjan|1162|City
1163|Qazvin|http://dbpedia.org/resource/Qazvin|1163|City
1164|Tabriz|http://dbpedia.org/resource/Tabriz|1164|City
1165|Isfahan|http://dbpedia.org/resource/Isfahan|1165|City
1166|Tehran|http://dbpedia.org/resource/Tehran|1166|City
1167|Qom|http://dbpedia.org/resource/Qom|1167|City
1168|Venice|http://dbpedia.org/resource/Venice|1168|City
1169|Pisa|http://dbpedia.org/resource/Pisa|1169|City
1170|Naples|http://dbpedia.org/resource/Naples|1170|City
1171|Trieste|http://dbpedia.org/resource/Trieste|1171|City
1172|Milan|http://dbpedia.org/resource/Milan|1172|City
1173|Rome|http://dbpedia.org/resource/Rome|1173|City
1174|Pavia|http://dbpedia.org/resource/Pavia|1174|City
1175|Florence|http://dbpedia.org/resource/Florence|1175|City
1176|Turin|http://dbpedia.org/resource/Turin|1176|City
1177|Brescia|http://dbpedia.org/resource/Brescia|1177|City
1178|Astana|http://dbpedia.org/resource/Astana|1178|City
1179|Aktobe|http://dbpedia.org/resource/Aktobe|1179|City
1180|Karagandy|http://dbpedia.org/resource/Karagandy|1180|City
1181|Oskemen|http://dbpedia.org/resource/Oskemen|1181|City
1182|Pavlodar|http://dbpedia.org/resource/Pavlodar|1182|City
1183|Taraz|http://dbpedia.org/resource/Taraz|1183|City
1184|Semey|http://dbpedia.org/resource/Semey|1184|City
1185|Shymkent|http://dbpedia.org/resource/Shymkent|1185|City
1186|Almaty|http://dbpedia.org/resource/Almaty|1186|City
1187|Oral|http://dbpedia.org/resource/Oral|1187|City
1188|Machakos|http://dbpedia.org/resource/Machakos|1188|City
1189|Eldoret|http://dbpedia.org/resource/Eldoret|1189|City
1190|Kikuyu|http://dbpedia.org/resource/Kikuyu|1190|City
1191|Kitengela|http://dbpedia.org/resource/Kitengela|1191|City
1192|Nakuru|http://dbpedia.org/resource/Nakuru|1192|City
1193|Kitale|http://dbpedia.org/resource/Kitale|1193|City
1194|Thika|http://dbpedia.org/resource/Thika|1194|City
1195|Nairobi|http://dbpedia.org/resource/Nairobi|1195|City
1196|Nyeri|http://dbpedia.org/resource/Nyeri|1196|City
1197|Ambovombe|http://dbpedia.org/resource/Ambovombe|1197|City
1198|Amparafaravola|http://dbpedia.org/resource/Amparafaravola|1198|City
1199|Mahajanga|http://dbpedia.org/resource/Mahajanga|1199|City
1200|Antsirabe|http://dbpedia.org/resource/Antsirabe|1200|City
1201|Antananarivo|http://dbpedia.org/resource/Antananarivo|1201|City
1202|Toamasina|http://dbpedia.org/resource/Toamasina|1202|City
1203|Fianarantosa|http://dbpedia.org/resource/Fianarantosa|1203|City
1204|Antanifotsy|http://dbpedia.org/resource/Antanifotsy|1204|City
1205|Toliara|http://dbpedia.org/resource/Toliara|1205|City
1206|Antsiranana|http://dbpedia.org/resource/Antsiranana|1206|City
1207|Cyberjaya|http://dbpedia.org/resource/Cyberjaya|1207|City
1208|Kuching|http://dbpedia.org/resource/Kuching|1208|City
1209|Nilai|http://dbpedia.org/resource/Nilai|1209|City
1210|George_Town|http://dbpedia.org/resource/George_Town|1210|City
1211|Penang|http://dbpedia.org/resource/Penang|1211|City
1212|Selangor|http://dbpedia.org/resource/Selangor|1212|City
1213|Wilayah_Persekutuan_Kuala_Lumpur|http://dbpedia.org/resource/Wilayah_Persekutuan_Kuala_Lumpur|1213|City
1214|Kuala_Lumpur|http://dbpedia.org/resource/Kuala_Lumpur|1214|City
1215|Terengganu|http://dbpedia.org/resource/Terengganu|1215|City
1216|Shah_Alam|http://dbpedia.org/resource/Shah_Alam|1216|City
1217|Codru|http://dbpedia.org/resource/Codru|1217|City
1218|Ungheni|http://dbpedia.org/resource/Ungheni|1218|City
1219|Orhei|http://dbpedia.org/resource/Orhei|1219|City
1220|Comrat|http://dbpedia.org/resource/Comrat|1220|City
1221|Cahul|http://dbpedia.org/resource/Cahul|1221|City
1222|Tiraspol|http://dbpedia.org/resource/Tiraspol|1222|City
1223|Chişinău|http://dbpedia.org/resource/Chişinău|1223|City
1224|Balti|http://dbpedia.org/resource/Balti|1224|City
1225|Bender|http://dbpedia.org/resource/Bender|1225|City
1226|Soroca|http://dbpedia.org/resource/Soroca|1226|City
1227|Oujda|http://dbpedia.org/resource/Oujda|1227|City
1228|Casablanca|http://dbpedia.org/resource/Casablanca|1228|City
1229|Marrakech|http://dbpedia.org/resource/Marrakech|1229|City
1230|Rabat|http://dbpedia.org/resource/Rabat|1230|City
1231|Sale|http://dbpedia.org/resource/Sale|1231|City
1232|Ifrane|http://dbpedia.org/resource/Ifrane|1232|City
1233|Agadir|http://dbpedia.org/resource/Agadir|1233|City
1234|Fes|http://dbpedia.org/resource/Fes|1234|City
1235|Meknes|http://dbpedia.org/resource/Meknes|1235|City
1236|Tangier-Tetouan|http://dbpedia.org/resource/Tangier-Tetouan|1236|City
1237|Nala|http://dbpedia.org/resource/Nala|1237|City
1238|Kirtipur|http://dbpedia.org/resource/Kirtipur|1238|City
1239|Balkumari|http://dbpedia.org/resource/Balkumari|1239|City
1240|Lumbini|http://dbpedia.org/resource/Lumbini|1240|City
1241|Pokhara|http://dbpedia.org/resource/Pokhara|1241|City
1242|Dharan|http://dbpedia.org/resource/Dharan|1242|City
1243|Gwarko|http://dbpedia.org/resource/Gwarko|1243|City
1244|Lalitpur|http://dbpedia.org/resource/Lalitpur|1244|City
1245|Kathmandu|http://dbpedia.org/resource/Kathmandu|1245|City
1246|Rajbiraj|http://dbpedia.org/resource/Rajbiraj|1246|City
1247|Groningen|http://dbpedia.org/resource/Groningen|1247|City
1248|The_Hague|http://dbpedia.org/resource/The_Hague|1248|City
1249|Heerlen|http://dbpedia.org/resource/Heerlen|1249|City
1250|Leiden|http://dbpedia.org/resource/Leiden|1250|City
1251|Maastricht|http://dbpedia.org/resource/Maastricht|1251|City
1252|Eindhoven|http://dbpedia.org/resource/Eindhoven|1252|City
1253|Utrecht|http://dbpedia.org/resource/Utrecht|1253|City
1254|Amsterdam|http://dbpedia.org/resource/Amsterdam|1254|City
1255|Tilburg|http://dbpedia.org/resource/Tilburg|1255|City
1256|Rotterdam|http://dbpedia.org/resource/Rotterdam|1256|City
1257|Tessaoua|http://dbpedia.org/resource/Tessaoua|1257|City
1258|Arlit|http://dbpedia.org/resource/Arlit|1258|City
1259|Abidjan|http://dbpedia.org/resource/Abidjan|1259|City
1260|Niamey|http://dbpedia.org/resource/Niamey|1260|City
1261|Zinder|http://dbpedia.org/resource/Zinder|1261|City
1262|Tahoua|http://dbpedia.org/resource/Tahoua|1262|City
1263|Birni_Nkonni|http://dbpedia.org/resource/Birni_Nkonni|1263|City
1264|Agadez|http://dbpedia.org/resource/Agadez|1264|City
1265|Maradi|http://dbpedia.org/resource/Maradi|1265|City
1266|Dosso|http://dbpedia.org/resource/Dosso|1266|City
1267|Trujillo|http://dbpedia.org/resource/Trujillo|1267|City
1268|Distrito_de_Bellavista|http://dbpedia.org/resource/Distrito_de_Bellavista|1268|City
1269|Chorrillos_District|http://dbpedia.org/resource/Chorrillos_District|1269|City
1270|Arequipa|http://dbpedia.org/resource/Arequipa|1270|City
1271|Jesús_María|http://dbpedia.org/resource/Jesús_María|1271|City
1272|Chosica,Lima|http://dbpedia.org/resource/Chosica,Lima|1272|City
1273|Huancayo|http://dbpedia.org/resource/Huancayo|1273|City
1274|Callao|http://dbpedia.org/resource/Callao|1274|City
1275|Lima|http://dbpedia.org/resource/Lima|1275|City
1276|La_Punta|http://dbpedia.org/resource/La_Punta|1276|City
1277|Gdańsk|http://dbpedia.org/resource/Gdańsk|1277|City
1278|Szczecin|http://dbpedia.org/resource/Szczecin|1278|City
1279|Wrocław|http://dbpedia.org/resource/Wrocław|1279|City
1280|Radom|http://dbpedia.org/resource/Radom|1280|City
1281|Łódź|http://dbpedia.org/resource/Łódź|1281|City
1282|Katowice|http://dbpedia.org/resource/Katowice|1282|City
1283|Lublin|http://dbpedia.org/resource/Lublin|1283|City
1284|Kraków|http://dbpedia.org/resource/Kraków|1284|City
1285|Poznań|http://dbpedia.org/resource/Poznań|1285|City
1286|Warsaw|http://dbpedia.org/resource/Warsaw|1286|City
1287|Porto|http://dbpedia.org/resource/Porto|1287|City
1288|Steenokkerzeel|http://dbpedia.org/resource/Steenokkerzeel|1288|City
1289|Faro|http://dbpedia.org/resource/Faro|1289|City
1290|Almada|http://dbpedia.org/resource/Almada|1290|City
1291|Braga|http://dbpedia.org/resource/Braga|1291|City
1292|Coimbra|http://dbpedia.org/resource/Coimbra|1292|City
1293|Lisbon|http://dbpedia.org/resource/Lisbon|1293|City
1294|Évora|http://dbpedia.org/resource/Évora|1294|City
1295|Mesa|http://dbpedia.org/resource/Mesa|1295|City
1296|Funchal|http://dbpedia.org/resource/Funchal|1296|City
1297|Taichung|http://dbpedia.org/resource/Taichung|1297|City
1298|Yongkang_District|http://dbpedia.org/resource/Yongkang_District|1298|City
1299|Zhongli|http://dbpedia.org/resource/Zhongli|1299|City
1300|Yunlin_County|http://dbpedia.org/resource/Yunlin_County|1300|City
1301|Hsinchu|http://dbpedia.org/resource/Hsinchu|1301|City
1302|Kaohsiung|http://dbpedia.org/resource/Kaohsiung|1302|City
1303|Taipei|http://dbpedia.org/resource/Taipei|1303|City
1304|Tainan|http://dbpedia.org/resource/Tainan|1304|City
1305|Bucharest|http://dbpedia.org/resource/Bucharest|1305|City
1306|Cluj-Napoca|http://dbpedia.org/resource/Cluj-Napoca|1306|City
1307|Constanța|http://dbpedia.org/resource/Constanța|1307|City
1308|Iași|http://dbpedia.org/resource/Iași|1308|City
1309|Galați|http://dbpedia.org/resource/Galați|1309|City
1310|Brașov|http://dbpedia.org/resource/Brașov|1310|City
1311|Arad|http://dbpedia.org/resource/Arad|1311|City
1312|Oradea|http://dbpedia.org/resource/Oradea|1312|City
1313|Târgoviște|http://dbpedia.org/resource/Târgoviște|1313|City
1314|Timișoara|http://dbpedia.org/resource/Timișoara|1314|City
1315|Kolda|http://dbpedia.org/resource/Kolda|1315|City
1316|Saint-Louis|http://dbpedia.org/resource/Saint-Louis|1316|City
1317|Thies|http://dbpedia.org/resource/Thies|1317|City
1318|Louga|http://dbpedia.org/resource/Louga|1318|City
1319|Touba|http://dbpedia.org/resource/Touba|1319|City
1320|Dakar|http://dbpedia.org/resource/Dakar|1320|City
1321|Diourbel|http://dbpedia.org/resource/Diourbel|1321|City
1322|Tambacounda|http://dbpedia.org/resource/Tambacounda|1322|City
1323|Rufisque|http://dbpedia.org/resource/Rufisque|1323|City
1324|Cape_Town|http://dbpedia.org/resource/Cape_Town|1324|City
1325|Durban|http://dbpedia.org/resource/Durban|1325|City
1326|Bloemfontein|http://dbpedia.org/resource/Bloemfontein|1326|City
1327|Saldanha|http://dbpedia.org/resource/Saldanha|1327|City
1328|eMalahleni|http://dbpedia.org/resource/eMalahleni|1328|City
1329|Mthatha|http://dbpedia.org/resource/Mthatha|1329|City
1330|Johannesburg|http://dbpedia.org/resource/Johannesburg|1330|City
1331|Bellville|http://dbpedia.org/resource/Bellville|1331|City
1332|Pretoria|http://dbpedia.org/resource/Pretoria|1332|City
1333|Seoul|http://dbpedia.org/resource/Seoul|1333|City
1334|Seongbuk-gu|http://dbpedia.org/resource/Seongbuk-gu|1334|City
1335|Suwon|http://dbpedia.org/resource/Suwon|1335|City
1336|Gwangju|http://dbpedia.org/resource/Gwangju|1336|City
1337|Daejeon|http://dbpedia.org/resource/Daejeon|1337|City
1338|Pohang|http://dbpedia.org/resource/Pohang|1338|City
1339|Busan|http://dbpedia.org/resource/Busan|1339|City
1340|Andong|http://dbpedia.org/resource/Andong|1340|City
1341|Yongin|http://dbpedia.org/resource/Yongin|1341|City
1342|Incheon|http://dbpedia.org/resource/Incheon|1342|City
1343|Salamanca|http://dbpedia.org/resource/Salamanca|1343|City
1344|Madrid|http://dbpedia.org/resource/Madrid|1344|City
1345|Barcelona|http://dbpedia.org/resource/Barcelona|1345|City
1346|Seville|http://dbpedia.org/resource/Seville|1346|City
1347|Valladolid|http://dbpedia.org/resource/Valladolid|1347|City
1348|Santander|http://dbpedia.org/resource/Santander|1348|City
1349|Vigo|http://dbpedia.org/resource/Vigo|1349|City
1350|San_Sebastián|http://dbpedia.org/resource/San_Sebastián|1350|City
1351|Valencia|http://dbpedia.org/resource/Valencia|1351|City
1352|Bilbao|http://dbpedia.org/resource/Bilbao|1352|City
1353|Kelaniya|http://dbpedia.org/resource/Kelaniya|1353|City
1354|Elpitiya|http://dbpedia.org/resource/Elpitiya|1354|City
1355|Matara|http://dbpedia.org/resource/Matara|1355|City
1356|Nugegoda|http://dbpedia.org/resource/Nugegoda|1356|City
1357|Colombo|http://dbpedia.org/resource/Colombo|1357|City
1358|Kandy|http://dbpedia.org/resource/Kandy|1358|City
1359|Peradeniya|http://dbpedia.org/resource/Peradeniya|1359|City
1360|Ratmalana_Airport|http://dbpedia.org/resource/Ratmalana_Airport|1360|City
1361|Malabe|http://dbpedia.org/resource/Malabe|1361|City
1362|Batalanda|http://dbpedia.org/resource/Batalanda|1362|City
1363|Rovaniemi|http://dbpedia.org/resource/Rovaniemi|1363|City
1364|Malmö|http://dbpedia.org/resource/Malmö|1364|City
1365|Uppsala|http://dbpedia.org/resource/Uppsala|1365|City
1366|Umeå|http://dbpedia.org/resource/Umeå|1366|City
1367|Borås|http://dbpedia.org/resource/Borås|1367|City
1368|Jönköping|http://dbpedia.org/resource/Jönköping|1368|City
1369|Stockholm|http://dbpedia.org/resource/Stockholm|1369|City
1370|Lund|http://dbpedia.org/resource/Lund|1370|City
1371|Örebro|http://dbpedia.org/resource/Örebro|1371|City
1372|Gothenburg|http://dbpedia.org/resource/Gothenburg|1372|City
1373|Mwanza|http://dbpedia.org/resource/Mwanza|1373|City
1374|Arusha|http://dbpedia.org/resource/Arusha|1374|City
1375|Morogoro|http://dbpedia.org/resource/Morogoro|1375|City
1376|Mzumbe_morogoro|http://dbpedia.org/resource/Mzumbe_morogoro|1376|City
1377|Dar_es_Salaam|http://dbpedia.org/resource/Dar_es_Salaam|1377|City
1378|Mbeya|http://dbpedia.org/resource/Mbeya|1378|City
1379|Unguja|http://dbpedia.org/resource/Unguja|1379|City
1380|Dodoma|http://dbpedia.org/resource/Dodoma|1380|City
1381|Zanzibar|http://dbpedia.org/resource/Zanzibar|1381|City
1382|Nakhon_Pathom_Province|http://dbpedia.org/resource/Nakhon_Pathom_Province|1382|City
1383|Bangkok|http://dbpedia.org/resource/Bangkok|1383|City
1384|Pathum_Thani_Province|http://dbpedia.org/resource/Pathum_Thani_Province|1384|City
1385|Pathum_Thani|http://dbpedia.org/resource/Pathum_Thani|1385|City
1386|Lampang|http://dbpedia.org/resource/Lampang|1386|City
1387|Chiang_Mai|http://dbpedia.org/resource/Chiang_Mai|1387|City
1388|Klong_Luang|http://dbpedia.org/resource/Klong_Luang|1388|City
1389|Hat_Yai|http://dbpedia.org/resource/Hat_Yai|1389|City
1390|Songkhla|http://dbpedia.org/resource/Songkhla|1390|City
1391|Narathiwat|http://dbpedia.org/resource/Narathiwat|1391|City
1392|La_Marsa|http://dbpedia.org/resource/La_Marsa|1392|City
1393|Bizerte|http://dbpedia.org/resource/Bizerte|1393|City
1394|Etadhamen|http://dbpedia.org/resource/Etadhamen|1394|City
1395|Sfax|http://dbpedia.org/resource/Sfax|1395|City
1396|Gabes|http://dbpedia.org/resource/Gabes|1396|City
1397|Monastir|http://dbpedia.org/resource/Monastir|1397|City
1398|Sousse|http://dbpedia.org/resource/Sousse|1398|City
1399|Kairouan|http://dbpedia.org/resource/Kairouan|1399|City
1400|Tunis|http://dbpedia.org/resource/Tunis|1400|City
1401|El_Mourouj|http://dbpedia.org/resource/El_Mourouj|1401|City
1402|Mersin|http://dbpedia.org/resource/Mersin|1402|City
1403|Istanbul|http://dbpedia.org/resource/Istanbul|1403|City
1404|Çankaya|http://dbpedia.org/resource/Çankaya|1404|City
1405|Ankara|http://dbpedia.org/resource/Ankara|1405|City
1406|Bursa|http://dbpedia.org/resource/Bursa|1406|City
1407|Gaziantep|http://dbpedia.org/resource/Gaziantep|1407|City
1408|Eskişehir|http://dbpedia.org/resource/Eskişehir|1408|City
1409|Gebze|http://dbpedia.org/resource/Gebze|1409|City
1410|Kadıköy|http://dbpedia.org/resource/Kadıköy|1410|City
1411|Izmir|http://dbpedia.org/resource/Izmir|1411|City
1412|Kiev|http://dbpedia.org/resource/Kiev|1412|City
1413|Mykolaiv|http://dbpedia.org/resource/Mykolaiv|1413|City
1414|Dnipropetrovsk|http://dbpedia.org/resource/Dnipropetrovsk|1414|City
1415|Kharkiv|http://dbpedia.org/resource/Kharkiv|1415|City
1416|Uzhhorod|http://dbpedia.org/resource/Uzhhorod|1416|City
1417|Lviv|http://dbpedia.org/resource/Lviv|1417|City
1418|Donetsk|http://dbpedia.org/resource/Donetsk|1418|City
1419|Luhansk|http://dbpedia.org/resource/Luhansk|1419|City
1420|Chernivtsi|http://dbpedia.org/resource/Chernivtsi|1420|City
1421|Odessa|http://dbpedia.org/resource/Odessa|1421|City
1422|Coventry|http://dbpedia.org/resource/Coventry|1422|City
1423|Liverpool|http://dbpedia.org/resource/Liverpool|1423|City
1424|North_Wales|http://dbpedia.org/resource/North_Wales|1424|City
1425|Bristol|http://dbpedia.org/resource/Bristol|1425|City
1426|Caracas|http://dbpedia.org/resource/Caracas|1426|City
1427|Barquisimeto|http://dbpedia.org/resource/Barquisimeto|1427|City
1428|Nueva_Esparta|http://dbpedia.org/resource/Nueva_Esparta|1428|City
1429|Anzoátegui|http://dbpedia.org/resource/Anzoátegui|1429|City
1430|Maracaibo|http://dbpedia.org/resource/Maracaibo|1430|City
1431|Monagas|http://dbpedia.org/resource/Monagas|1431|City
1432|Bolívar|http://dbpedia.org/resource/Bolívar|1432|City
1433|Sucre|http://dbpedia.org/resource/Sucre|1433|City
1434|Al_Hudaydah|http://dbpedia.org/resource/Al_Hudaydah|1434|City
1435|Zinjibar|http://dbpedia.org/resource/Zinjibar|1435|City
1436|Dhamar|http://dbpedia.org/resource/Dhamar|1436|City
1437|Ibb|http://dbpedia.org/resource/Ibb|1437|City
1438|Hadhramaut|http://dbpedia.org/resource/Hadhramaut|1438|City
1439|Ta'izz|http://dbpedia.org/resource/Ta'izz|1439|City
1440|Sayyan|http://dbpedia.org/resource/Sayyan|1440|City
1441|Aden|http://dbpedia.org/resource/Aden|1441|City
1442|Sana'a|http://dbpedia.org/resource/Sana'a|1442|City
1443|Al_Mukalla|http://dbpedia.org/resource/Al_Mukalla|1443|City
1444|Luanshya|http://dbpedia.org/resource/Luanshya|1444|City
1445|Livingstone|http://dbpedia.org/resource/Livingstone|1445|City
1446|Monze|http://dbpedia.org/resource/Monze|1446|City
1447|Ndola|http://dbpedia.org/resource/Ndola|1447|City
1448|Kasama|http://dbpedia.org/resource/Kasama|1448|City
1449|Kabwe|http://dbpedia.org/resource/Kabwe|1449|City
1450|Mufulira|http://dbpedia.org/resource/Mufulira|1450|City
1451|Kitwe|http://dbpedia.org/resource/Kitwe|1451|City
1452|Lusaka|http://dbpedia.org/resource/Lusaka|1452|City
1453|Chingola|http://dbpedia.org/resource/Chingola|1453|City
1454|Asia|http://dbpedia.org/resource/Asia|1454|Continent
1455|Africa|http://dbpedia.org/resource/Africa|1455|Continent
1456|Europe|http://dbpedia.org/resource/Europe|1456|Continent
1457|South_America|http://dbpedia.org/resource/South_America|1457|Continent
1458|North_America|http://dbpedia.org/resource/North_America|1458|Continent
1459|Australia|http://dbpedia.org/resource/Australia|1459|Continent
